timestamp,userid,touch_event_type,touch_x,touch_y,touch_pressure,touch_size,orientation,accelerometer_x,accelerometer_y,accelerometer_z,gyroscope_x,gyroscope_y,gyroscope_z
1400463429396,151985,0,922.0,1357.0,1.0,0.021568628,0,-1.5526398,5.3462524,7.216124,-0.12064589,-0.122478485,-0.37048978
1400463429420,151985,2,922.0,1357.0,1.0,0.021568628,0,-1.489792,5.5102553,6.825869,-0.029321533,-0.122478485,-0.40958515
1400463429436,151985,2,922.0,1357.0,1.0,0.021568628,0,-1.4688427,5.5324016,6.9126587,-0.03145956,-0.17959438,-0.40775254
1400463429452,151985,2,922.0,1357.0,1.0,0.021568628,0,-1.4682442,5.5383873,6.9850836,-0.038789943,-0.17654006,-0.40591997
1400463429469,151985,2,922.0,1357.0,1.0,0.021568628,0,-1.4933833,5.521029,7.053917,-0.040011674,-0.15943582,-0.39828414
1400463429502,151985,2,922.0,1357.0,1.0,0.023529414,0,-1.4999673,5.5551467,7.079654,-0.032375857,-0.15974127,-0.3943135
1400463429523,151985,2,921.0,1352.7538,1.0,0.025490198,0,-1.4622587,5.571307,7.101801,-0.0290161,-0.17898351,-0.39461896
1400463429544,151985,2,921.0,1346.9329,1.0,0.025490198,0,-1.4281414,5.61141,7.100005,-0.026267206,-0.18417588,-0.39400807
1400463429553,151985,2,921.0,1342.2382,1.0,0.025490198,0,-1.3970166,5.603629,7.061698,-0.028099801,-0.18295415,-0.3894266
1400463429569,151985,2,921.0,1337.5997,1.0,0.027450982,0,-1.4137762,5.6347537,7.0347633,-0.03268129,-0.1826487,-0.38423425
1400463429587,151985,2,921.0,1332.9546,1.0,0.027450982,0,-1.3862427,5.6670756,6.9928646,-0.029626964,-0.17470746,-0.37384954
1400463429604,151985,2,921.0,1327.8378,1.0,0.027450982,0,-1.352724,5.681441,6.9467764,-0.026572637,-0.17440203,-0.3594942
1400463429737,151985,2,929.1167,1282.5332,1.0,0.029411767,0,-1.3676877,5.6940103,6.921637,-0.022602014,-0.18967366,-0.34605515
1400463429861,151985,2,930.0,1196.5275,1.0,0.029411767,0,-1.520318,5.591658,6.758233,-0.008246681,-0.20463985,-0.33628133
1400463429985,151985,2,934.7651,1079.8793,1.0,0.03137255,0,-1.4407109,5.783194,6.870162,-0.008246681,-0.22907446,-0.3222314
1400463430112,151985,2,951.13116,952.6883,1.0,0.03137255,0,-1.4000094,5.719149,6.931214,-0.02687807,-0.27152961,-0.31215215
1400463430239,151985,2,960.0,811.3452,1.0,0.029411767,0,-1.4131776,5.580884,6.944382,-0.050396383,-0.3036,-0.29046643
1400463430363,151985,2,949.3158,652.50006,1.0,0.029411767,0,-1.4143747,5.477335,7.000047,-0.064446285,-0.35979962,-0.25717425
1400463430485,151985,2,928.0,445.2111,1.0,0.029411767,0,-1.3820529,5.54138,7.1526775,-0.06963864,-0.376293,-0.20525073
1400463430612,151985,2,959.18085,317.7287,1.0,0.029411767,0,-1.4203602,5.5623293,7.165846,-0.062002823,-0.33933565,-0.13775012
1400463430735,151985,2,995.0,284.0,1.0,0.027450982,0,-1.4820108,5.4964886,7.0700774,-0.044593163,-0.18173242,-0.09712757
1400463430737,151985,1,995.0,284.0,1.0,0.027450982,0,-1.5610195,5.4324436,7.029975,-0.02107485,-0.052534413,-0.07788532
1400463431474,151985,0,866.0,1401.0,1.0,0.023529414,0,-1.5927427,5.4563856,7.0209966,-0.007330383,-0.053145275,-0.055283304
1400463431476,151985,2,864.31134,1379.9813,1.0,0.025490198,0,-1.8148049,5.4264584,7.1059904,-0.00030543262,-0.06383542,-0.042760566
1400463431622,151985,2,903.3922,833.8319,1.0,0.027450982,0,-1.3563153,5.4899044,6.827665,0.016493361,-0.056505036,-0.014660766
1400463431755,151985,2,999.0757,521.7351,1.0,0.027450982,0,-1.4389153,5.6545057,6.96593,0.022602014,-0.036651913,-0.00030543262
1400463431883,151985,2,1046.0,429.0,1.0,0.025490198,0,-1.572392,5.5551467,6.9904704,0.018020526,-0.04734206,0.0076358155
1400463431885,151985,1,1046.0,429.0,1.0,0.025490198,0,-1.5849615,5.5383873,6.8869214,0.016187929,-0.04520403,0.02687807
1400463432583,151985,0,951.0,426.0,1.0,0.023529414,0,-1.560421,5.591658,6.8809357,0.01160644,-0.035124753,0.035430185
1400463432586,151985,2,928.9766,456.0643,1.0,0.027450982,0,-1.5699978,5.619191,6.973711,0.009162978,-0.051618114,0.029321533
1400463432704,151985,2,907.0,631.7583,1.0,0.029411767,0,-1.5346833,5.631162,7.067085,-0.0033597588,-0.08032878,0.024129177
1400463432824,151985,2,885.96027,1015.59576,1.0,0.027450982,0,-1.5460558,5.5760956,6.9168487,-0.0106901415,-0.08368854,0.025045475
1400463432950,151985,2,901.0,1539.0,1.0,0.027450982,0,-1.5951369,5.5743003,6.8360443,-0.014049901,-0.07666359,0.025045475
1400463432952,151985,1,901.0,1539.0,1.0,0.027450982,0,-1.584363,5.5760956,6.8222775,-0.011301007,-0.07422013,0.023518313
1400463433666,151985,0,934.0,642.0,1.0,0.025490198,0,-1.5526398,5.5707088,6.84203,-0.024740042,-0.07238753,0.025350908
1400463433668,151985,2,929.2373,664.43225,1.0,0.025490198,0,-1.532289,5.5617304,6.9078703,-0.04734206,-0.07147124,0.027794369
1400463433791,151985,2,857.0,1261.4668,1.0,0.023529414,0,-1.5269021,5.5539494,6.965331,-0.06963864,-0.0729984,0.022907447
1400463433905,151985,2,873.0,1487.0,1.0,0.027450982,0,-1.4736311,5.5377884,7.0329676,-0.07147124,-0.06994407,0.015271631
1400463433907,151985,1,873.0,1487.0,1.0,0.027450982,0,-1.429937,5.523423,7.074866,-0.06047566,-0.071776666,0.009773844
1400463477787,151985,0,203.0,1636.0,1.0,0.025490198,0,-1.3850456,5.507861,7.117962,-0.056199603,-0.076052725,0.0012217305
1400463477824,151985,2,203.0,1636.0,1.0,0.023529414,0,-1.3611037,5.4725466,7.1251445,-0.053450707,-0.06414085,-0.004886922
1400463477843,151985,2,205.83315,1624.8895,1.0,0.027450982,0,-1.3623008,5.455787,7.1610575,-0.043982297,-0.061086524,-0.01282817
1400463477859,151985,2,208.73111,1610.6133,1.0,0.027450982,0,-1.3221979,5.433641,7.1688385,-0.03359759,-0.06658431,-0.021380283
1400463478018,151985,2,211.0,1497.2402,1.0,0.03137255,0,-1.3162124,5.430648,7.1365166,-0.032375857,-0.06658431,-0.025350908
1400463478149,151985,2,209.0,1446.7957,1.0,0.033333335,0,-1.3174095,5.443816,7.0700774,-0.031154128,-0.062002823,-0.01985312
1400463478281,151985,2,202.02798,1413.084,1.0,0.03529412,0,-1.3479356,5.436035,7.019799,-0.039095376,-0.055588737,-0.017715093
1400463478420,151985,2,196.65627,1391.3125,1.0,0.03529412,0,-1.3431472,5.390545,7.0024414,-0.058948494,-0.057726767,-0.014966198
1400463478553,151985,2,189.33481,1369.6696,1.0,0.037254903,0,-1.3000516,5.3648076,7.077859,-0.0711658,-0.06658431,-0.01038471
1400463478694,151985,2,184.0,1352.4158,1.0,0.037254903,0,-1.2779051,5.390545,7.0826473,-0.071776666,-0.076052725,-0.009162978
1400463478828,151985,2,176.0,1340.0349,1.0,0.037254903,0,-1.2719196,5.395932,7.074866,-0.06780604,-0.07788532,-0.0076358155
1400463478968,151985,2,168.66368,1327.6637,1.0,0.037254903,0,-1.2024878,5.3522377,7.257424,-0.05497787,-0.08093964,-0.0018325958
1400463479137,151985,2,154.18675,1312.1868,1.0,0.039215688,0,-1.2294226,5.251083,7.2203135,0.004276057,-0.07513642,0.013133603
1400463479286,151985,2,140.27406,1298.274,1.0,0.039215688,0,-1.1887212,5.3085437,7.0102224,0.10140363,0.017715093,0.10048734
1400463479421,151985,2,93.0,1288.0,1.0,0.037254903,0,-1.3563153,5.5659204,6.488885,-0.0018325958,0.00580322,0.090713486
1400463479424,151985,1,93.0,1288.0,1.0,0.037254903,0,-1.3293805,5.5623293,6.6726403,-0.12705997,-0.038789943,0.06872234
1400463480203,151985,0,272.0,1680.0,1.0,0.023529414,0,-1.4586674,5.605425,6.964134,-0.17715092,-0.09590584,0.057421334
1400463480208,151985,2,272.0,1680.0,1.0,0.023529414,0,-1.407192,5.5898623,7.0688806,-0.2312125,-0.12308934,0.047647487
1400463480329,151985,2,273.3339,1622.6711,1.0,0.029411767,0,-0.9708488,5.4940944,6.945579,-0.25137106,-0.15057829,0.04917465
1400463480456,151985,2,253.9622,1559.8866,1.0,0.029411767,0,-1.1013328,5.513248,7.2622123,-0.26267207,-0.16310102,0.042455133
1400463480594,151985,2,246.0,1532.1742,1.0,0.029411767,0,-1.1881226,5.5946507,7.3711486,-0.24190263,-0.21227567,0.048563786
1400463480734,151985,2,241.0,1517.6638,1.0,0.03137255,0,-1.1258733,5.579687,7.414244,-0.20922135,-0.22968534,0.06169739
1400463480876,151985,2,238.29381,1505.2938,1.0,0.029411767,0,-1.0522517,5.590461,7.506421,-0.17470746,-0.21746802,0.061391957
1400463481004,151985,2,237.0,1492.9214,1.0,0.03137255,0,-1.0851719,5.559935,7.567473,-0.12675454,-0.17654006,0.046120327
1400463481148,151985,2,234.0,1483.1814,1.0,0.03137255,0,-1.0773908,5.5222263,7.52737,-0.099265605,-0.105068825,0.039095376
1400463481281,151985,2,228.16736,1482.0,1.0,0.029411767,0,-1.1067197,5.4025164,7.443573,-0.03940081,-0.07391469,0.032986723
1400463481401,151985,2,224.0,1482.0,1.0,0.027450982,0,-1.168969,5.3342814,7.3406224,0.018936822,-0.007330383,0.030848695
1400463481402,151985,1,224.0,1482.0,1.0,0.027450982,0,-1.1869255,5.3899465,7.1580644,0.051923547,0.07819075,0.025961773
1400463508889,151985,0,277.0,1651.0,1.0,0.023529414,0,-1.2635399,5.433042,7.018004,0.042455133,0.14110987,0.014966198
1400463508909,151985,2,277.0,1651.0,1.0,0.023529414,0,-1.3790601,5.5707088,6.967127,0.021380283,0.16707164,0.0
1400463508940,151985,2,277.0,1651.0,1.0,0.023529414,0,-1.3982137,5.5641246,7.125743,-0.013744468,0.13775012,-0.017104227
1400463508974,151985,2,277.0,1651.0,1.0,0.023529414,0,-1.3880384,5.355231,7.3178773,-0.055283304,0.06872234,-0.031154128
1400463509009,151985,2,277.0,1651.0,1.0,0.025490198,0,-1.3910311,5.2020016,7.355586,-0.070249505,0.018936822,-0.038789943
1400463509041,151985,2,277.0,1651.0,1.0,0.025490198,0,-1.3425486,5.121197,7.37055,-0.07269296,0.004581489,-0.040927973
1400463509057,151985,2,277.0,1651.0,1.0,0.025490198,0,-1.3090298,5.1840453,7.3579803,-0.069027774,-0.00061086525,-0.042760566
1400463509074,151985,2,277.0,1651.0,1.0,0.025490198,0,-1.3096284,5.2642508,7.2149267,-0.044593163,-0.015882496,-0.046731193
1400463509107,151985,2,277.0,1641.3448,1.0,0.025490198,0,-1.3455414,5.3085437,7.1071877,-0.015882496,-0.027794369,-0.052534413
1400463509124,151985,2,277.0,1635.5966,1.0,0.025490198,0,-1.3479356,5.348048,7.0287776,-0.004581489,-0.034208454,-0.049785517
1400463509140,151985,2,277.0,1627.1448,1.0,0.027450982,0,-1.3479356,5.365406,6.935404,-0.004581489,-0.036957346,-0.04795292
1400463509159,151985,2,277.0,1619.23,1.0,0.027450982,0,-1.3180081,5.3965306,6.892308,-0.01863139,-0.040927973,-0.050701816
1400463509175,151985,2,277.0,1611.789,1.0,0.027450982,0,-1.3293805,5.4803276,6.921637,-0.04337143,-0.054367006,-0.05681047
1400463509321,151985,2,277.0,1568.5184,1.0,0.027450982,0,-1.4317327,5.3618145,6.9330096,-0.057726767,-0.067500606,-0.06383542
1400463509455,151985,2,274.13483,1538.2697,1.0,0.029411767,0,-1.2467805,5.257068,7.038953,-0.0983493,-0.0729984,-0.05955936
1400463509581,151985,2,265.79453,1522.7946,1.0,0.029411767,0,-1.0289081,5.298967,7.176021,-0.14538592,-0.09773844,-0.033292156
1400463509710,151985,2,261.0,1508.417,1.0,0.03137255,0,-0.9588778,5.253477,7.3579803,-0.17440203,-0.14905111,-0.028405234
1400463509838,151985,2,256.0,1493.5957,1.0,0.03137255,0,-1.1162965,5.1265845,7.6626425,-0.18051068,-0.1731803,-0.027794369
1400463509985,151985,2,252.0,1476.675,1.0,0.03137255,0,-1.252766,5.075109,7.9062524,-0.13530666,-0.1554652,-0.006414085
1400463510110,151985,2,249.0,1462.2998,1.0,0.03137255,0,-1.2437878,5.083489,8.078635,-0.03970624,-0.11362094,0.032986723
1400463510237,151985,2,246.0,1449.481,1.0,0.033333335,0,-1.1390414,5.127183,8.082825,0.08460484,-0.070249505,0.07727446
1400463510368,151985,2,243.0,1437.1044,1.0,0.033333335,0,-1.115698,5.1840453,7.920019,0.22540927,-0.019547688,0.105068825
1400463510498,151985,2,238.0,1424.7253,1.0,0.033333335,0,-1.1097125,5.300164,7.6345105,0.2919936,0.043066,0.11178834
1400463510619,151985,2,233.0,1409.9084,1.0,0.03529412,0,-1.1288661,5.4162827,7.358579,0.40225476,0.07544186,0.11575896
1400463510740,151985,2,226.53075,1396.5308,1.0,0.03529412,0,-1.2018893,5.494693,7.1706343,0.47219884,0.12064589,0.11362094
1400463510883,151985,2,217.0,1380.789,1.0,0.037254903,0,-1.2264298,5.5503583,6.945579,0.4813618,0.12339478,0.111177474
1400463511007,151985,2,210.77917,1363.7792,1.0,0.039215688,0,-1.1875241,5.717354,6.7163343,0.41355577,0.12522738,0.10934488
1400463511126,151985,2,206.95947,1352.9595,1.0,0.039215688,0,-1.1474211,5.803545,6.6415157,0.31123585,0.1441642,0.09621128
1400463511252,151985,2,193.57228,1343.0,1.0,0.03137255,0,-1.1468226,5.825691,6.717531,0.20952678,0.13958271,0.06719518
1400463511353,151985,2,184.0,1338.0,1.0,0.029411767,0,-1.2000936,5.707777,6.827066,0.12858713,0.116980694,0.043982297
1400463511355,151985,1,184.0,1338.0,1.0,0.029411767,0,-1.2264298,5.597045,6.877943,0.0983493,0.10323623,0.03756821
1400463512033,151985,0,320.0,1628.0,1.0,0.023529414,0,-1.2360066,5.5743003,6.885724,0.046120327,0.102319926,0.03176499
1400463512037,151985,2,320.0,1628.0,1.0,0.029411767,0,-1.2192472,5.527613,6.8887167,-0.00030543262,0.11484267,0.023823744
1400463512160,151985,2,311.0688,1591.2064,1.0,0.03137255,0,-1.2653356,5.5150437,6.921637,-0.038789943,0.12339478,0.009468411
1400463512288,151985,2,298.68954,1548.0686,1.0,0.03137255,0,-1.3000516,5.4671597,6.921637,-0.0693332,0.105374254,-0.00061086525
1400463512416,151985,2,287.57352,1522.5735,1.0,0.03137255,0,-1.3006501,5.471948,6.9485717,-0.08307768,0.08002335,-0.009773844
1400463512534,151985,2,278.49203,1505.9841,1.0,0.033333335,0,-1.246182,5.521628,6.988076,-0.06658431,0.06352998,-0.01740966
1400463512657,151985,2,270.6599,1484.3198,1.0,0.033333335,0,-1.2198458,5.5162406,6.9024835,-0.032986723,0.046120327,-0.01740966
1400463512778,151985,2,264.83112,1469.831,1.0,0.033333335,0,-1.2174516,5.501277,6.806117,-0.015577064,0.033292156,-0.01282817
1400463512897,151985,2,260.01117,1459.0111,1.0,0.033333335,0,-1.1563994,5.4964886,6.789956,0.005497787,0.013133603,-0.009468411
1400463513000,151985,2,245.0,1452.0,1.0,0.027450982,0,-1.1510124,5.4659624,6.8330517,0.007941248,-0.0070249503,0.0033597588
1400463513002,151985,1,245.0,1452.0,1.0,0.027450982,0,-1.1174936,5.4701524,6.899491,0.0106901415,-0.03940081,0.019242255
1400463523243,151985,0,331.0,1665.0,1.0,0.023529414,0,-1.1001357,5.5383873,7.012018,0.008246681,-0.06719518,0.033292156
1400463523270,151985,2,331.0,1665.0,1.0,0.023529414,0,-1.1007342,5.5760956,7.1514807,-0.00580322,-0.09193522,0.041233405
1400463523286,151985,2,331.0,1665.0,1.0,0.025490198,0,-1.1025299,5.5527525,7.2711906,-0.016798794,-0.094989546,0.044898596
1400463523302,151985,2,331.0,1665.0,1.0,0.027450982,0,-1.1115081,5.5802855,7.3448124,-0.025961773,-0.10415252,0.04337143
1400463523320,151985,2,331.0,1665.0,1.0,0.027450982,0,-1.1611878,5.641338,7.4070616,-0.03268129,-0.11026118,0.037873644
1400463523335,151985,2,331.0,1665.0,1.0,0.027450982,0,-1.1653777,5.673061,7.4926543,-0.029626964,-0.108123146,0.036651913
1400463523352,151985,2,331.0,1660.0382,1.0,0.027450982,0,-1.1534066,5.7017913,7.5106106,-0.016493361,-0.10323623,0.03970624
1400463523368,151985,2,331.0,1657.3065,1.0,0.03137255,0,-1.1941081,5.7005944,7.4723034,0.009468411,-0.08002335,0.042455133
1400463523386,151985,2,331.0,1652.5,1.0,0.027450982,0,-1.2318168,5.7227407,7.4070616,0.053145275,-0.03604105,0.047647487
1400463523403,151985,2,328.89386,1647.6816,1.0,0.027450982,0,-1.2563573,5.692813,7.309498,0.09773844,0.014660766,0.05100725
1400463523420,151985,2,327.44196,1643.3258,1.0,0.03137255,0,-1.2330139,5.6682725,7.2783732,0.13652839,0.056505036,0.05100725
1400463523439,151985,2,325.5,1637.5,1.0,0.03137255,0,-1.1911154,5.6922145,7.1873937,0.16615535,0.094989546,0.04520403
1400463523453,151985,2,325.041,1632.164,1.0,0.03137255,0,-1.1552023,5.7245364,7.08983,0.17073683,0.11636983,0.033292156
1400463523631,151985,2,316.5607,1583.1215,1.0,0.03137255,0,-1.1468226,5.6987987,7.019201,0.16584991,0.13347405,0.015271631
1400463523777,151985,2,312.0,1556.0901,1.0,0.03137255,0,-1.1623849,5.6670756,6.95336,0.14935656,0.14080444,0.005497787
1400463523914,151985,2,305.0,1530.5038,1.0,0.03137255,0,-1.1941081,5.6407394,6.9078703,0.12950343,0.14385876,-0.01038471
1400463524040,151985,2,300.0,1513.8799,1.0,0.03137255,0,-1.2401965,5.637148,6.884527,0.105374254,0.13041973,-0.023518313
1400463524193,151985,2,296.0,1499.9545,1.0,0.03137255,0,-1.3018472,5.5617304,6.9306154,0.07666359,0.11484267,-0.028099801
1400463524322,151985,2,285.57947,1493.0,1.0,0.027450982,0,-1.2958617,5.514445,6.9958572,0.035124753,0.10415252,-0.031154128
1400463524469,151985,2,271.0,1488.0,1.0,0.027450982,0,-1.2569559,5.498883,7.0515227,0.003970624,0.094989546,-0.036651913
1400463524472,151985,1,271.0,1488.0,1.0,0.027450982,0,-1.2198458,5.4922986,7.135918,0.0125227375,0.09040806,-0.04520403
1400463543136,151985,0,325.0,1706.0,1.0,0.023529414,0,-1.2312182,5.5312047,7.059902,0.024129177,0.07574729,-0.048258353
1400463543149,151985,2,325.0,1706.0,1.0,0.021568628,0,-1.2773066,5.571307,6.9461775,0.05100725,0.06841691,-0.04642576
1400463543165,151985,2,325.0,1706.0,1.0,0.023529414,0,-1.3311762,5.577293,6.861782,0.06780604,0.05589417,-0.043982297
1400463543183,151985,2,325.0,1706.0,1.0,0.025490198,0,-1.335366,5.5964465,6.8144965,0.08002335,0.044593163,-0.0421497
1400463543201,151985,2,325.0,1706.0,1.0,0.025490198,0,-1.3072342,5.6365495,6.7624226,0.0842994,0.024129177,-0.039095376
1400463543216,151985,2,325.0,1706.0,1.0,0.025490198,0,-1.2976574,5.6628857,6.770204,0.07574729,-0.0061086523,-0.03390302
1400463543232,151985,2,325.0,1706.0,1.0,0.027450982,0,-1.299453,5.6497173,6.769605,0.06566802,-0.018020526,-0.023518313
1400463543251,151985,2,325.0,1706.0,1.0,0.027450982,0,-1.3006501,5.644929,6.843227,0.0720821,-0.025045475,-0.0070249503
1400463543282,151985,2,326.0,1700.3949,1.0,0.027450982,0,-1.2617443,5.6485205,6.9318123,0.08093964,-0.015577064,0.0015271631
1400463543300,151985,2,326.0,1697.4982,1.0,0.027450982,0,-1.252766,5.6886234,6.9988503,0.0983493,-0.007330383,0.015271631
1400463543316,151985,2,326.0,1694.0,1.0,0.027450982,0,-1.2755109,5.720945,7.018004,0.113926366,0.0,0.02687807
1400463543333,151985,2,326.0,1690.9285,1.0,0.027450982,0,-1.2958617,5.7538652,7.020398,0.13164146,-0.00030543262,0.03390302
1400463543351,151985,2,326.0,1687.8417,1.0,0.027450982,0,-1.3269863,5.820903,7.0383544,0.13439035,-0.007941248,0.03756821
1400463543368,151985,2,326.0,1684.4603,1.0,0.027450982,0,-1.364695,5.893926,7.0108213,0.13194689,-0.015882496,0.029932396
1400463543383,151985,2,326.0,1681.2561,1.0,0.027450982,0,-1.4089876,5.9585695,6.9485717,0.13164146,-0.009162978,0.025961773
1400463543400,151985,2,326.0,1678.102,1.0,0.029411767,0,-1.4167689,5.9861026,6.8049197,0.12797627,0.00061086525,0.022296581
1400463543562,151985,2,326.0,1654.5988,1.0,0.029411767,0,-1.4095862,6.0088477,6.719327,0.113926366,0.024129177,0.013439035
1400463543700,151985,2,326.0,1640.6837,1.0,0.03137255,0,-1.3970166,6.0268044,6.687604,0.10567969,0.05222898,0.009468411
1400463543840,151985,2,326.0,1620.3145,1.0,0.03137255,0,-1.3718776,6.025607,6.712743,0.08277224,0.057726767,0.0012217305
1400463543963,151985,2,323.0,1607.4956,1.0,0.03137255,0,-1.3575124,5.9962783,6.7588315,0.043982297,0.05131268,-0.0143553335
1400463544093,151985,2,321.0,1595.1218,1.0,0.03137255,0,-1.3365631,5.9501896,6.8665705,0.013439035,0.0421497,-0.040317107
1400463544250,151985,2,318.0,1579.6501,1.0,0.03137255,0,-1.3431472,5.8879404,7.0066314,0.0067195175,0.020463986,-0.061391957
1400463544380,151985,2,316.09503,1569.095,1.0,0.03137255,0,-1.3802572,5.805939,7.1586633,0.013133603,-0.01282817,-0.08093964
1400463544511,151985,2,314.0,1561.4607,1.0,0.03137255,0,-1.4586674,5.7598505,7.2245035,0.03359759,-0.014049901,-0.098043874
1400463544642,151985,2,313.0,1552.5454,1.0,0.03137255,0,-1.5915456,5.73531,7.15567,0.05681047,0.0,-0.105374254
1400463544765,151985,2,311.0,1544.7169,1.0,0.033333335,0,-1.6376339,5.6790466,7.0341644,0.067500606,0.02687807,-0.109650314
1400463544893,151985,2,310.0,1537.8878,1.0,0.03137255,0,-1.5682021,5.6682725,6.941988,0.08735373,0.035430185,-0.11911872
1400463545023,151985,2,308.0,1530.7585,1.0,0.033333335,0,-1.483208,5.680842,6.8958993,0.09590584,0.025961773,-0.12675454
1400463545149,151985,2,307.0,1525.0,1.0,0.03137255,0,-1.429937,5.751471,6.851607,0.100792766,-0.0036651916,-0.13652839
1400463545282,151985,2,305.7899,1520.0,1.0,0.03137255,0,-1.3485341,5.7736173,6.7863646,0.11026118,-0.03145956,-0.13622294
1400463545430,151985,2,305.0,1513.5,1.0,0.033333335,0,-1.2569559,5.78499,6.6959834,0.12156218,-0.03970624,-0.13897185
1400463545559,151985,2,304.0,1507.5,1.0,0.033333335,0,-1.2449849,5.807136,6.609792,0.12370021,-0.051923547,-0.13897185
1400463545691,151985,2,303.0,1502.2267,1.0,0.033333335,0,-1.2264298,5.835268,6.5457473,0.118507855,-0.07849618,-0.12797627
1400463545815,151985,2,301.30685,1496.3069,1.0,0.03529412,0,-1.1629834,5.8693852,6.535572,0.10354166,-0.09682214,-0.113926366
1400463545940,151985,2,301.0,1489.7389,1.0,0.03529412,0,-1.1079168,5.843049,6.7863646,0.093767814,-0.089186326,-0.10842858
1400463546064,151985,2,301.0,1482.6277,1.0,0.03529412,0,-1.1534066,5.8885393,6.867169,0.089491755,-0.08002335,-0.09682214
1400463546190,151985,2,301.0,1477.5,1.0,0.03529412,0,-1.2072762,5.9412117,6.7905545,0.1020145,-0.0571159,-0.077579886
1400463546315,151985,2,299.0,1471.9047,1.0,0.03529412,0,-1.2491747,5.973533,6.7492547,0.122783914,-0.026572637,-0.054367006
1400463546442,151985,2,299.0,1465.523,1.0,0.03529412,0,-1.2964603,5.9723363,6.787562,0.1469131,-0.004581489,-0.0290161
1400463546565,151985,2,297.0,1461.0,1.0,0.03529412,0,-1.3180081,5.9783216,6.830059,0.1740966,0.015577064,-0.015271631
1400463546685,151985,2,295.0,1455.9368,1.0,0.03529412,0,-1.3982137,6.0262055,6.843227,0.19120082,0.021685716,-0.016493361
1400463546807,151985,2,291.5004,1449.5004,1.0,0.03529412,0,-1.489792,6.0716953,6.9108634,0.19914207,0.016187929,-0.032375857
1400463546934,151985,2,289.67242,1442.6725,1.0,0.03529412,0,-1.5155296,6.141726,6.929418,0.20586158,0.004276057,-0.043066
1400463547052,151985,2,286.0,1433.0,1.0,0.037254903,0,-1.4951789,6.205771,6.897695,0.22082779,-0.0018325958,-0.051618114
1400463547171,151985,2,282.0,1425.0167,1.0,0.037254903,0,-1.4694413,6.1979895,6.8683662,0.226631,0.00030543262,-0.04795292
1400463547288,151985,2,279.0,1417.196,1.0,0.039215688,0,-1.448492,6.1566896,6.851008,0.22571471,0.01038471,-0.049785517
1400463547405,151985,2,273.82645,1408.8264,1.0,0.039215688,0,-1.4514848,6.194997,6.739678,0.23396139,0.020463986,-0.058337633
1400463547524,151985,2,270.0,1402.5,1.0,0.039215688,0,-1.447295,6.269217,6.6403184,0.23548855,0.03604105,-0.06627888
1400463547654,151985,2,266.0,1394.5,1.0,0.039215688,0,-1.4413095,6.2482677,6.55293,0.21013765,0.05222898,-0.06566802
1400463547659,151985,2,264.69482,1394.0,1.0,0.039215688,0,-1.2695254,6.2859764,6.4020953,0.16615535,0.07452556,-0.05222898
1400463547790,151985,2,257.2406,1383.2406,1.0,0.04117647,0,-1.3628993,6.4739213,6.688801,0.12461651,0.06658431,-0.038789943
1400463547918,151985,2,246.41759,1372.4176,1.0,0.04117647,0,-1.8082209,6.011242,6.781576,0.112704635,0.045814894,-0.05100725
1400463548043,151985,2,231.04344,1361.0435,1.0,0.039215688,0,-1.7220296,5.988497,6.6480994,0.10323623,0.06505715,-0.0888809
1400463548174,151985,2,216.0,1350.0,1.0,0.037254903,0,-1.6220716,6.214749,6.7372837,0.106595986,0.12583824,-0.105068825
1400463548176,151985,1,216.0,1350.0,1.0,0.037254903,0,-1.7705121,6.10282,6.6480994,0.12034045,0.13225232,-0.11484267
1400463549254,151985,0,332.0,1654.0,1.0,0.023529414,0,-1.7262194,6.1183825,6.51582,0.1328632,0.1255328,-0.115453534
1400463549282,151985,2,332.0,1654.0,1.0,0.023529414,0,-1.6813282,6.101623,6.494272,0.12980886,0.13255776,-0.10842858
1400463549299,151985,2,332.0,1654.0,1.0,0.025490198,0,-1.6801311,6.084265,6.4224463,0.111177474,0.12767084,-0.10262536
1400463549332,151985,2,329.7564,1647.2692,1.0,0.027450982,0,-1.6992847,6.121375,6.3362546,0.10476339,0.11301007,-0.10781772
1400463549348,151985,2,328.2077,1641.8308,1.0,0.027450982,0,-1.7088615,6.1764417,6.3224883,0.102319926,0.08979719,-0.11056661
1400463549365,151985,2,326.661,1635.644,1.0,0.027450982,0,-1.7220296,6.2530565,6.253655,0.098043874,0.07849618,-0.112399206
1400463549382,151985,2,325.11636,1629.4655,1.0,0.029411767,0,-1.7154455,6.254852,6.157288,0.09682214,0.064751714,-0.105068825
1400463549508,151985,2,313.27057,1585.8116,1.0,0.03137255,0,-1.6496049,6.261436,6.1303535,0.08032878,0.051618114,-0.09285152
1400463549639,151985,2,305.0,1547.69,1.0,0.03137255,0,-1.5658079,6.2584434,6.14412,0.047036625,0.051618114,-0.07544186
1400463549759,151985,2,302.0,1523.0748,1.0,0.03137255,0,-1.2940661,6.3548098,6.187814,0.017715093,0.022602014,-0.049785517
1400463549896,151985,2,298.0,1510.7169,1.0,0.03137255,0,-1.666963,6.2781954,6.4547677,0.0061086523,-0.015271631,-0.02443461
1400463550024,151985,2,296.0,1498.3253,1.0,0.03137255,0,-1.6741456,5.9980736,6.356007,0.008246681,-0.037873644,-0.0125227375
1400463550148,151985,2,292.0,1485.9445,1.0,0.03137255,0,-1.5664065,6.257845,6.266823,0.011911872,-0.016493361,-0.008246681
1400463550274,151985,2,290.13126,1474.2625,1.0,0.033333335,0,-1.5807717,6.326678,6.339846,0.008857546,-0.039095376,-0.0106901415
1400463550404,151985,2,278.7513,1449.7513,1.0,0.033333335,0,-1.5771804,6.293159,6.38354,-0.012217305,-0.054367006,-0.01740966
1400463550526,151985,2,271.92682,1437.9268,1.0,0.03529412,0,-1.5029601,6.3182983,6.4242415,-0.022602014,-0.050396383,-0.020463986
1400463550653,151985,2,267.5494,1425.5494,1.0,0.03529412,0,-1.5233108,6.3542113,6.4302273,-0.015882496,-0.028710667,-0.02076942
1400463550776,151985,2,264.0,1414.7273,1.0,0.03529412,0,-1.6124948,6.3260794,6.4924765,-0.00030543262,-0.009773844,-0.02321288
1400463550910,151985,2,262.0,1402.3478,1.0,0.037254903,0,-1.602918,6.295553,6.5379663,0.024129177,0.017104227,-0.019547688
1400463551034,151985,2,257.0,1396.0,1.0,0.03529412,0,-1.5855601,6.2686186,6.543952,0.04337143,0.04337143,-0.011911872
1400463551155,151985,2,251.15094,1393.0,1.0,0.03529412,0,-1.5993267,6.281787,6.5361705,0.06719518,0.04642576,-0.012217305
1400463551275,151985,2,240.30028,1390.0,1.0,0.03137255,0,-1.6184803,6.3141084,6.513426,0.07880162,0.03848451,-0.013439035
1400463551372,151985,2,239.0,1390.0,1.0,0.03137255,0,-1.638831,6.3206925,6.479308,0.08246681,0.033292156,-0.01985312
1400463551373,151985,1,239.0,1390.0,1.0,0.03137255,0,-1.6226702,6.311714,6.505046,0.07849618,0.039095376,-0.01985312
1400463559351,151985,0,322.0,1606.0,1.0,0.019607844,0,-1.6328455,6.3224883,6.530185,0.08307768,0.056505036,-0.029626964
1400463559372,151985,2,322.0,1606.0,1.0,0.023529414,0,-1.654992,6.35062,6.4900823,0.09101892,0.06383542,-0.03756821
1400463559388,151985,2,322.0,1606.0,1.0,0.027450982,0,-1.7369933,6.369175,6.397307,0.086437434,0.074830994,-0.05497787
1400463559414,151985,2,321.6137,1604.8411,1.0,0.027450982,0,-1.87047,6.265626,6.3889275,0.07574729,0.08857546,-0.077579886
1400463559423,151985,2,321.0,1598.8373,1.0,0.027450982,0,-1.8561049,6.3087215,6.365584,0.060170226,0.077579886,-0.076358154
1400463559438,151985,2,320.29987,1595.5997,1.0,0.027450982,0,-1.780089,6.2847795,6.4206505,0.051618114,0.06505715,-0.059864793
1400463559460,151985,2,318.7623,1592.2869,1.0,0.03137255,0,-1.7280151,6.2422824,6.417059,0.045814894,0.0571159,-0.053145275
1400463559471,151985,2,317.1815,1588.363,1.0,0.03137255,0,-1.7004818,6.217742,6.441001,0.040317107,0.03390302,-0.047647487
1400463559488,151985,2,315.631,1585.262,1.0,0.03137255,0,-1.7310078,6.281188,6.3739634,0.044898596,0.021685716,-0.05467244
1400463559505,151985,2,314.08368,1581.1674,1.0,0.03137255,0,-1.8369513,6.2763996,6.359598,0.059864793,0.017715093,-0.07544186
1400463559642,151985,2,304.687,1542.061,1.0,0.03137255,0,-1.8327614,6.3242836,6.281188,0.06566802,0.00030543262,-0.08582657
1400463559754,151985,2,299.41553,1517.831,1.0,0.03137255,0,-1.7687165,6.384139,6.202778,0.06352998,-0.01160644,-0.07422013
1400463559872,151985,2,294.04196,1501.042,1.0,0.03137255,0,-1.7004818,6.3607955,6.1369376,0.049480084,-0.013744468,-0.06352998
1400463559990,151985,2,289.0,1485.4265,1.0,0.03137255,0,-1.7016789,6.326678,6.087258,0.02687807,-0.014966198,-0.06169739
1400463560117,151985,2,284.38727,1470.7745,1.0,0.03137255,0,-1.6992847,6.3745623,6.18123,0.016798794,-0.019547688,-0.062308256
1400463560248,151985,2,274.01257,1454.0126,1.0,0.033333335,0,-1.6843209,6.3619924,6.2967505,0.002443461,-0.03023783,-0.055588737
1400463560366,151985,2,264.19025,1440.3805,1.0,0.033333335,0,-1.654992,6.349423,6.3985043,-0.013439035,-0.056199603,-0.04886922
1400463560480,151985,2,256.3656,1427.3656,1.0,0.03137255,0,-1.6316484,6.337452,6.4709287,-0.019547688,-0.0571159,-0.046120327
1400463560594,151985,2,249.54039,1416.5404,1.0,0.03137255,0,-1.6567876,6.345233,6.4643445,-0.006414085,-0.054367006,-0.04337143
1400463560709,151985,2,240.0,1410.0,1.0,0.029411767,0,-1.6729485,6.330868,6.4362125,0.0061086523,-0.053145275,-0.04520403
1400463560710,151985,1,240.0,1410.0,1.0,0.029411767,0,-1.690905,6.323685,6.4218473,0.0067195175,-0.057726767,-0.049480084
1400463590837,151985,0,307.0,1717.0,1.0,0.021568628,0,-1.7878702,6.3111157,6.554127,0.0076358155,-0.0580322,-0.0580322
1400463590855,151985,2,307.0,1717.0,1.0,0.021568628,0,-1.87047,6.3380504,6.7229185,0.016187929,-0.058948494,-0.06047566
1400463590873,151985,2,307.0,1717.0,1.0,0.023529414,0,-1.8357542,6.3500214,6.8121023,0.0571159,-0.06352998,-0.054367006
1400463590888,151985,2,307.0,1717.0,1.0,0.023529414,0,-1.7723078,6.362591,6.7283053,0.105068825,-0.09193522,-0.046731193
1400463590904,151985,2,307.0,1717.0,1.0,0.025490198,0,-1.7351977,6.379949,6.4709287,0.12217305,-0.11178834,-0.054367006
1400463590921,151985,2,307.0,1717.0,1.0,0.025490198,0,-1.6956934,6.4152637,6.2644286,0.11636983,-0.07880162,-0.06383542
1400463590973,151985,2,307.0,1717.0,1.0,0.025490198,0,-1.4508862,6.5499372,6.130952,0.09987647,-0.03940081,-0.058337633
1400463590988,151985,2,308.0,1712.0321,1.0,0.025490198,0,-1.887828,6.4421983,6.353613,0.07941248,-0.04153884,-0.06536258
1400463591004,151985,2,308.0,1707.4308,1.0,0.027450982,0,-1.7836803,6.2261214,6.2207346,0.057421334,-0.04184427,-0.083383106
1400463591022,151985,2,308.0,1699.6345,1.0,0.027450982,0,-1.7393875,6.4631476,6.2243257,0.030543262,-0.004581489,-0.09468412
1400463591039,151985,2,308.0,1693.4675,1.0,0.027450982,0,-1.7687165,6.457162,6.343437,0.019242255,-0.00580322,-0.10323623
1400463591056,151985,2,308.0,1686.5,1.0,0.027450982,0,-1.8567034,6.353014,6.4008985,0.0125227375,-0.0125227375,-0.11362094
1400463591073,151985,2,308.0,1679.0,1.0,0.027450982,0,-1.8177977,6.427833,6.320094,0.01863139,-0.013744468,-0.111177474
1400463591216,151985,2,299.16077,1634.4823,1.0,0.027450982,0,-1.7830818,6.4350157,6.2728086,0.013744468,-0.010995574,-0.099265605
1400463591364,151985,2,283.0,1589.0,1.0,0.025490198,0,-1.7657237,6.42903,6.241684,0.014049901,-0.008857546,-0.08735373
1400463591367,151985,1,283.0,1589.0,1.0,0.025490198,0,-1.7657237,6.4667387,6.271013,0.008246681,-0.01282817,-0.084910266
1400463648079,151985,0,260.0,1535.0,1.0,0.021568628,0,-1.7531542,6.4547677,6.2769985,-0.0033597588,-0.023823744,-0.08277224
1400463648104,151985,2,260.0,1535.0,1.0,0.021568628,0,-1.7244238,6.4152637,6.2339025,0.00580322,-0.025961773,-0.07696902
1400463648116,151985,2,262.99588,1533.0028,1.0,0.023529414,0,-1.7633295,6.3745623,6.278794,0.010079277,-0.025045475,-0.076052725
1400463648133,151985,2,269.40417,1529.798,1.0,0.025490198,0,-1.780089,6.371569,6.223727,0.0070249503,-0.026267206,-0.07849618
1400463648150,151985,2,275.4773,1526.7614,1.0,0.027450982,0,-1.7561469,6.4020953,6.1477113,0.01160644,-0.02687807,-0.0711658
1400463648167,151985,2,279.5,1524.0,1.0,0.027450982,0,-1.7238252,6.4032927,6.1507044,0.025045475,-0.0290161,-0.0571159
1400463648192,151985,2,283.51053,1520.4895,1.0,0.027450982,0,-1.7304093,6.393117,6.149507,0.025961773,-0.04337143,-0.04795292
1400463648201,151985,2,287.255,1516.745,1.0,0.029411767,0,-1.7669208,6.408081,6.1979895,0.016187929,-0.04550946,-0.04886922
1400463648218,151985,2,290.29593,1512.556,1.0,0.029411767,0,-1.7824832,6.419453,6.279991,0.01740966,-0.040011674,-0.054061573
1400463648234,151985,2,293.54886,1507.6768,1.0,0.029411767,0,-1.7741034,6.4445925,6.2823853,0.03481932,-0.043982297,-0.05467244
1400463648252,151985,2,296.6444,1501.7112,1.0,0.029411767,0,-1.7310078,6.4350157,6.278794,0.052839845,-0.04337143,-0.05497787
1400463648267,151985,2,299.8472,1495.3055,1.0,0.029411767,0,-1.7124528,6.439804,6.2512608,0.0571159,-0.046731193,-0.056199603
1400463648284,151985,2,301.48685,1488.5657,1.0,0.03137255,0,-1.6980876,6.464943,6.2554507,0.058337633,-0.047647487,-0.060170226
1400463648301,151985,2,302.93027,1482.2789,1.0,0.03137255,0,-1.7435774,6.459556,6.2728086,0.05589417,-0.04428773,-0.06658431
1400463648318,151985,2,304.5472,1474.8112,1.0,0.03137255,0,-1.7872716,6.463746,6.308123,0.057421334,-0.038179077,-0.0720821
1400463648333,151985,2,305.0,1469.8209,1.0,0.03137255,0,-1.8315643,6.4721255,6.289568,0.05100725,-0.030543262,-0.074830994
1400463648351,151985,2,305.0,1463.0,1.0,0.03137255,0,-1.8531121,6.4511766,6.30513,0.042760566,-0.01740966,-0.07452556
1400463648368,151985,2,305.0,1458.9063,1.0,0.03137255,0,-1.8602947,6.4739213,6.330868,0.027488936,-0.004276057,-0.0720821
1400463648386,151985,2,305.0,1454.1908,1.0,0.03137255,0,-1.8800468,6.4607534,6.330868,0.021380283,0.008552114,-0.07422013
1400463648543,151985,2,305.0,1424.4962,1.0,0.03137255,0,-1.8590976,6.47033,6.3368535,0.027183503,0.012217305,-0.076052725
1400463648671,151985,2,305.0,1396.644,1.0,0.03137255,0,-1.893215,6.473323,6.3033347,0.04184427,0.011301007,-0.07452556
1400463648808,151985,2,303.0,1370.0573,1.0,0.03137255,0,-1.8950106,6.455965,6.2524576,0.05009095,0.009773844,-0.07086037
1400463648941,151985,2,297.13794,1350.138,1.0,0.033333335,0,-1.8800468,6.441001,6.2482677,0.053145275,-0.0036651916,-0.06780604
1400463649074,151985,2,293.7297,1337.7297,1.0,0.033333335,0,-1.8375498,6.449381,6.275801,0.056505036,-0.019242255,-0.06047566
1400463649211,151985,2,288.0,1325.355,1.0,0.03529412,0,-1.8339585,6.453571,6.3063273,0.06291912,-0.020158553,-0.05222898
1400463649346,151985,2,282.0,1311.9592,1.0,0.03529412,0,-1.858499,6.4362125,6.3087215,0.07513642,-0.0033597588,-0.04734206
1400463649481,151985,2,273.04727,1291.0945,1.0,0.03529412,0,-1.8740613,6.457162,6.265626,0.089491755,0.0061086523,-0.046120327
1400463649611,151985,2,263.22617,1273.4523,1.0,0.03529412,0,-1.905186,6.4828997,6.217143,0.1001819,0.004581489,-0.046731193
1400463649751,151985,2,249.29866,1251.5973,1.0,0.03529412,0,-1.8980033,6.4960675,6.1704564,0.11362094,0.0061086523,-0.045814894
1400463649889,151985,2,236.92941,1236.9294,1.0,0.03529412,0,-1.8914193,6.513426,6.1369376,0.10903945,0.008246681,-0.044898596
1400463650020,151985,2,224.55397,1224.554,1.0,0.03137255,0,-1.893215,6.543353,6.1327477,0.09437868,0.015271631,-0.04428773
1400463650165,151985,2,194.0,1214.0,1.0,0.03137255,0,-1.8590976,6.5666966,6.1219735,0.07452556,0.010995574,-0.043066
1400463650167,151985,1,194.0,1214.0,1.0,0.03137255,0,-1.8195933,6.5523314,6.087258,0.057726767,-0.0015271631,-0.045814894
1400463682628,151985,0,213.0,1537.0,1.0,0.023529414,0,-1.839944,6.5265937,6.101623,0.042760566,0.0015271631,-0.057726767
1400463682658,151985,2,213.0,1537.0,1.0,0.021568628,0,-1.8549078,6.535572,6.0920463,0.022602014,-0.014049901,-0.06414085
1400463682674,151985,2,213.0,1539.3496,1.0,0.019607844,0,-1.8363527,6.5188127,6.169858,0.005497787,-0.03145956,-0.06872234
1400463682691,151985,2,214.09766,1543.293,1.0,0.021568628,0,-1.8201919,6.5032506,6.1860185,0.00061086525,-0.034513887,-0.071776666
1400463682708,151985,2,215.74435,1549.9774,1.0,0.021568628,0,-1.827973,6.493075,6.1489086,0.00061086525,-0.03573562,-0.07727446
1400463682724,151985,2,217.5,1558.5,1.0,0.023529414,0,-1.8189948,6.518214,6.118981,0.014966198,-0.038179077,-0.08368854
1400463682742,151985,2,219.14029,1566.7015,1.0,0.021568628,0,-1.8106151,6.522404,6.114791,0.017104227,-0.03634648,-0.0842994
1400463682919,151985,2,242.22559,1596.3872,1.0,0.027450982,0,-1.8806454,6.5385647,6.101623,0.016798794,-0.02565634,-0.08093964
1400463683054,151985,2,256.0398,1563.7612,1.0,0.027450982,0,-1.8854338,6.5523314,6.1219735,0.021380283,-0.021991149,-0.07452556
1400463683189,151985,2,260.0,1509.7686,1.0,0.027450982,0,-1.917157,6.5720835,6.172252,0.035124753,-0.013744468,-0.070249505
1400463683339,151985,2,252.67297,1458.0189,1.0,0.029411767,0,-1.9177556,6.567295,6.149507,0.047647487,-0.010079277,-0.06688975
1400463683475,151985,2,241.7564,1410.782,1.0,0.029411767,0,-1.8854338,6.543952,6.0884547,0.048258353,-0.009773844,-0.06414085
1400463683621,151985,2,234.38554,1373.7711,1.0,0.03137255,0,-1.8794483,6.5625067,6.059126,0.04153884,-0.01038471,-0.06291912
1400463683766,151985,2,229.46751,1338.4026,1.0,0.03137255,0,-1.8728642,6.559514,6.045958,0.035430185,-0.009468411,-0.062002823
1400463683909,151985,2,225.0,1315.5469,1.0,0.03137255,0,-1.8752584,6.5666966,6.0465565,0.028710667,-0.007941248,-0.06658431
1400463684051,151985,2,219.0,1303.1787,1.0,0.03137255,0,-1.8800468,6.59004,6.1046157,0.025045475,-0.012217305,-0.06719518
1400463684209,151985,2,209.70633,1284.7063,1.0,0.03137255,0,-1.8752584,6.579865,6.167464,0.027488936,-0.020158553,-0.06505715
1400463684356,151985,2,197.78658,1265.7866,1.0,0.03137255,0,-1.9123687,6.5882444,6.157887,0.021685716,-0.0290161,-0.065973446
1400463684477,151985,2,181.0,1257.0,1.0,0.027450982,0,-1.91596,6.588843,6.1764417,0.022907447,-0.022602014,-0.062308256
1400463684479,151985,1,181.0,1257.0,1.0,0.027450982,0,-1.9087774,6.602011,6.2746043,0.03726278,-0.01282817,-0.052534413
1400463685253,151985,0,296.0,1575.0,1.0,0.021568628,0,-1.8962077,6.605004,6.2674217,0.044898596,0.01282817,-0.048563786
1400463685257,151985,2,296.0,1575.0,1.0,0.023529414,0,-1.8962077,6.5804634,6.1477113,0.059253927,0.03145956,-0.046731193
1400463685393,151985,2,272.61505,1515.5376,1.0,0.027450982,0,-1.9189527,6.5816603,6.1327477,0.06566802,0.06261369,-0.05222898
1400463685536,151985,2,246.38979,1450.5592,1.0,0.027450982,0,-1.9405005,6.603807,6.0806737,0.06078109,0.089491755,-0.05467244
1400463685688,151985,2,232.46779,1404.4033,1.0,0.027450982,0,-1.982399,6.597223,6.0088477,0.06352998,0.10873401,-0.055283304
1400463685823,151985,2,220.10272,1382.1027,1.0,0.027450982,0,-2.0177135,6.573281,5.9531827,0.06261369,0.115453534,-0.05467244
1400463685971,151985,2,207.17671,1358.3534,1.0,0.027450982,0,-2.0548236,6.59004,5.964555,0.05131268,0.119729586,-0.053145275
1400463686119,151985,2,193.21059,1327.2106,1.0,0.027450982,0,-2.0667946,6.5924344,5.997475,0.03940081,0.124005646,-0.052839845
1400463686254,151985,2,180.83197,1316.8319,1.0,0.025490198,0,-2.0775685,6.6121864,6.030994,0.03359759,0.10598512,-0.050396383
1400463686391,151985,2,178.0,1314.0,1.0,0.029411767,0,-2.0626047,6.616975,6.0130377,0.018936822,0.09040806,-0.042760566
1400463686393,151985,1,178.0,1314.0,1.0,0.029411767,0,-2.054225,6.6109896,6.073491,0.0076358155,0.06352998,-0.03756821
1400463687355,151985,0,294.0,1551.0,1.0,0.021568628,0,-2.055422,6.603208,6.1225724,0.0076358155,0.039095376,-0.043066
1400463687358,151985,2,294.0,1535.4648,1.0,0.027450982,0,-2.0853498,6.6103907,6.160281,-0.0009162979,0.018325957,-0.04520403
1400463687362,151985,2,294.0,1529.888,1.0,0.027450982,0,-2.066196,6.6187706,6.1399302,0.009773844,0.0106901415,-0.043676864
1400463687379,151985,2,294.0,1525.2806,1.0,0.027450982,0,-2.0530279,6.621165,6.0663085,0.022907447,0.004886922,-0.042760566
1400463687522,151985,2,284.02786,1471.1394,1.0,0.027450982,0,-2.0620062,6.621165,6.0124393,0.02076942,0.0106901415,-0.04062254
1400463687659,151985,2,266.31467,1429.972,1.0,0.029411767,0,-2.0709844,6.637326,5.973533,0.015577064,0.015882496,-0.03940081
1400463687805,151985,2,251.73062,1398.4612,1.0,0.027450982,0,-2.0775685,6.6630635,5.9543796,0.011301007,0.007330383,-0.038789943
1400463687969,151985,2,241.0,1381.2751,1.0,0.027450982,0,-1.9973627,6.6732388,5.9370217,-0.007941248,0.005192355,-0.0421497
1400463688094,151985,2,233.89813,1371.0,1.0,0.027450982,0,-1.7938557,6.59004,5.78918,-0.04062254,0.008246681,-0.058948494
1400463688232,151985,2,229.0,1371.0,1.0,0.027450982,0,-1.7788919,6.5259953,5.6569,-0.09132435,0.027183503,-0.0870483
1400463688233,151985,1,229.0,1371.0,1.0,0.027450982,0,-2.0500352,6.6109896,5.840655,-0.1441642,0.070249505,-0.10720685
1400463691255,151985,0,339.0,1556.0,1.0,0.023529414,0,-2.1865046,6.5385647,6.0268044,-0.17684549,0.08827003,-0.1133155
1400463691285,151985,2,339.0,1556.0,1.0,0.025490198,0,-2.2361844,6.605004,6.2446766,-0.17806722,0.06414085,-0.10720685
1400463691302,151985,2,339.0,1556.0,1.0,0.025490198,0,-2.1787236,6.576872,6.302736,-0.15668693,0.040011674,-0.0842994
1400463691318,151985,2,339.0,1556.0,1.0,0.027450982,0,-2.1206641,6.4577603,6.084265,-0.14660765,0.040011674,-0.07360926
1400463691336,151985,2,339.0,1550.2589,1.0,0.027450982,0,-2.0386627,6.3619924,6.013636,-0.13744467,0.05467244,-0.07147124
1400463691353,151985,2,339.0,1542.793,1.0,0.029411767,0,-2.0033484,6.381745,5.976526,-0.13622294,0.09010262,-0.089491755
1400463691368,151985,2,339.0,1536.7499,1.0,0.029411767,0,-1.9907787,6.4577603,6.0836663,-0.13469578,0.10262536,-0.09896017
1400463691387,151985,2,339.0,1530.558,1.0,0.029411767,0,-2.086547,6.435614,6.2368956,-0.1328632,0.106901415,-0.09712757
1400463691555,151985,2,329.7466,1471.2399,1.0,0.03137255,0,-2.178125,6.3901243,6.2967505,-0.124311075,0.09896017,-0.10048734
1400463691687,151985,2,320.38617,1448.3862,1.0,0.03137255,0,-2.2343888,6.4110737,6.3248825,-0.1020145,0.07269296,-0.10415252
1400463691828,151985,2,316.0,1436.015,1.0,0.03137255,0,-2.1888988,6.427833,6.211158,-0.07422013,0.04886922,-0.10934488
1400463691963,151985,2,311.64154,1423.6416,1.0,0.03137255,0,-2.255338,6.3153057,6.1357403,-0.061086524,0.041233405,-0.116980694
1400463692092,151985,2,307.0,1411.2742,1.0,0.03137255,0,-2.28347,6.379949,6.025607,-0.056505036,0.03940081,-0.11026118
1400463692219,151985,2,302.0,1398.906,1.0,0.03137255,0,-2.2098482,6.4445925,6.06152,-0.04886922,0.03145956,-0.08460484
1400463692349,151985,2,298.0,1389.0,1.0,0.03137255,0,-2.220622,6.3871317,6.1728506,-0.056199603,0.00030543262,-0.0711658
1400463692479,151985,2,289.0,1393.0,1.0,0.025490198,0,-2.2559366,6.381745,6.223727,-0.06078109,-0.008552114,-0.070249505
1400463692481,151985,1,289.0,1393.0,1.0,0.025490198,0,-2.272696,6.408081,6.290765,-0.054367006,-0.00061086525,-0.077579886
1400463693631,151985,0,369.0,1562.0,1.0,0.021568628,0,-1.7938557,6.5523314,6.11539,-0.029932396,-0.0125227375,-0.09010262
1400463693645,151985,2,369.0,1562.0,1.0,0.019607844,0,-2.4881742,6.315904,6.1088057,-0.00580322,-0.050396383,-0.10476339
1400463693662,151985,2,369.0,1562.0,1.0,0.021568628,0,-2.2918496,6.637326,6.017826,-0.007941248,-0.057726767,-0.09162979
1400463693678,151985,2,368.2334,1559.7002,1.0,0.023529414,0,-2.4061728,6.579865,6.266823,-0.016493361,-0.034513887,-0.08124508
1400463693695,151985,2,366.9196,1555.7588,1.0,0.025490198,0,-2.4253263,6.501455,6.3703723,-0.02687807,-0.038789943,-0.06811147
1400463693712,151985,2,365.37457,1551.1237,1.0,0.027450982,0,-2.3259668,6.5379663,6.4882865,-0.01985312,-0.06566802,-0.048563786
1400463693728,151985,2,363.8315,1546.4946,1.0,0.027450982,0,-2.2290018,6.5122285,6.5960255,-0.005192355,-0.076358154,-0.03176499
1400463693745,151985,2,362.28604,1541.858,1.0,0.027450982,0,-2.1787236,6.4667387,6.493075,0.023823744,-0.06658431,-0.035124753
1400463693763,151985,2,360.73816,1535.9526,1.0,0.027450982,0,-2.1404164,6.4505777,6.30513,0.049480084,-0.05009095,-0.046120327
1400463693908,151985,2,345.3462,1507.6924,1.0,0.027450982,0,-2.1266496,6.4577603,6.1638722,0.05131268,-0.022907447,-0.0571159
1400463694036,151985,2,330.97205,1483.972,1.0,0.029411767,0,-2.1709423,6.4427967,6.095039,0.04550946,-0.008552114,-0.06811147
1400463694169,151985,2,319.0,1468.6049,1.0,0.027450982,0,-2.191293,6.432023,6.0758853,0.03145956,-0.0027488936,-0.07819075
1400463694304,151985,2,313.0,1456.2274,1.0,0.027450982,0,-2.3295584,6.401497,6.1243677,0.024129177,-0.014049901,-0.08155051
1400463694428,151985,2,306.0,1448.0,1.0,0.027450982,0,-2.4343045,6.4344172,6.2003837,0.018325957,-0.01740966,-0.07452556
1400463694429,151985,1,306.0,1448.0,1.0,0.027450982,0,-2.4384944,6.4218473,6.227319,0.01863139,-0.01282817,-0.054367006
1400463726347,151985,0,312.0,1613.0,1.0,0.023529414,0,-2.3906105,6.38354,6.2075663,0.025350908,-0.01740966,-0.0421497
1400463726378,151985,2,312.0,1613.0,1.0,0.019607844,0,-2.3953989,6.359598,6.221333,0.033292156,-0.016798794,-0.030848695
1400463726391,151985,2,312.0,1613.0,1.0,0.021568628,0,-2.4187422,6.3901243,6.1926026,0.035430185,-0.01160644,-0.026267206
1400463726408,151985,2,312.0,1613.0,1.0,0.023529414,0,-2.4851813,6.4326215,6.109404,0.04153884,-0.007941248,-0.019242255
1400463726425,151985,2,312.0,1613.0,1.0,0.025490198,0,-2.5671828,6.459556,6.06152,0.047647487,-0.005497787,-0.009468411
1400463726441,151985,2,312.0,1613.0,1.0,0.027450982,0,-2.5953147,6.488885,6.187216,0.054367006,-0.02687807,-0.002443461
1400463726474,151985,2,312.0,1613.0,1.0,0.027450982,0,-2.4079683,6.5846534,6.2105594,0.07696902,-0.038179077,0.017715093
1400463726535,151985,2,312.94577,1610.1627,1.0,0.027450982,0,-2.2278047,6.4978633,6.205771,0.10354166,-0.054367006,0.03634648
1400463726541,151985,2,314.4639,1604.1444,1.0,0.027450982,0,-2.179322,6.445191,6.0866594,0.12095132,-0.06780604,0.03390302
1400463726558,151985,2,315.90216,1598.3914,1.0,0.027450982,0,-2.1505916,6.4924765,6.0681043,0.10720685,-0.070249505,0.014966198
1400463726574,151985,2,317.5,1592.0,1.0,0.027450982,0,-2.154183,6.4966664,6.0519433,0.0842994,-0.055283304,-0.0009162979
1400463726594,151985,2,318.0,1586.7489,1.0,0.027450982,0,-2.1260512,6.4727244,6.0716953,0.06261369,-0.035430185,-0.0143553335
1400463726608,151985,2,319.0,1581.8054,1.0,0.027450982,0,-2.1332338,6.461352,6.1387334,0.03176499,-0.03481932,-0.025350908
1400463726781,151985,2,316.0,1537.2313,1.0,0.027450982,0,-2.1523874,6.4805055,6.1542954,0.02076942,-0.02687807,-0.02565634
1400463726940,151985,2,310.0,1509.4042,1.0,0.027450982,0,-2.147599,6.4745197,6.169259,0.01038471,-0.016493361,-0.022296581
1400463727076,151985,2,304.79086,1486.5817,1.0,0.029411767,0,-2.1350293,6.4469867,6.160281,0.007941248,-0.0125227375,-0.0143553335
1400463727230,151985,2,302.0,1466.7316,1.0,0.03137255,0,-2.1290438,6.431424,6.1608796,0.015271631,-0.0021380284,-0.009468411
1400463727371,151985,2,299.0,1453.5018,1.0,0.03137255,0,-2.1386206,6.4260373,6.1100025,0.014966198,0.007330383,-0.008552114
1400463727511,151985,2,295.0,1439.5823,1.0,0.03137255,0,-2.1733365,6.4380083,6.0986304,0.010995574,0.00580322,-0.014049901
1400463727658,151985,2,290.65903,1425.659,1.0,0.03137255,0,-2.1930888,6.4583592,6.095039,0.014966198,-0.0143553335,-0.0143553335
1400463727801,151985,2,286.0,1409.578,1.0,0.03137255,0,-2.224812,6.4828997,6.081272,0.015882496,-0.043676864,-0.0027488936
1400463727939,151985,2,279.36777,1391.7356,1.0,0.03137255,0,-2.1859062,6.5619082,5.9825115,0.011911872,-0.038789943,0.0030543262
1400463728083,151985,2,275.0,1379.094,1.0,0.03137255,0,-2.2158337,6.5666966,5.963358,0.0070249503,-0.019547688,0.00030543262
1400463728230,151985,2,270.0,1365.0762,1.0,0.033333335,0,-2.2260091,6.5726824,6.009446,-0.004581489,-0.018936822,-0.0033597588
1400463728375,151985,2,264.41663,1352.4166,1.0,0.033333335,0,-2.236783,6.5619082,6.0262055,-0.0070249503,-0.025350908,0.0012217305
1400463728522,151985,2,259.0,1341.1201,1.0,0.033333335,0,-2.268506,6.542156,6.0704985,-0.004581489,-0.03970624,0.006414085
1400463728660,151985,2,255.87138,1331.8713,1.0,0.03137255,0,-2.2062569,6.4966664,6.0687027,-0.002443461,-0.05955936,0.011301007
1400463728803,151985,2,251.0,1321.9628,1.0,0.03137255,0,-2.1883004,6.5457473,6.1117983,-0.0061086523,-0.069027774,0.009773844
1400463728942,151985,2,247.0,1313.0,1.0,0.03137255,0,-2.2188265,6.545149,6.1447186,-0.005192355,-0.07574729,0.0027488936
1400463729079,151985,2,243.0,1303.2452,1.0,0.03137255,0,-2.2062569,6.5607114,6.139332,-0.0027488936,-0.070249505,-0.0012217305
1400463729211,151985,2,238.87196,1294.0,1.0,0.033333335,0,-2.1643584,6.6271505,6.1411276,-0.0027488936,-0.045814894,-0.0036651916
1400463729347,151985,2,235.49811,1283.4982,1.0,0.033333335,0,-2.1643584,6.6079965,6.1728506,0.0033597588,-0.035124753,-0.005192355
1400463729482,151985,2,233.0,1272.1223,1.0,0.033333335,0,-2.1757307,6.543952,6.154894,0.01282817,-0.034513887,-0.011301007
1400463729639,151985,2,225.0,1256.6571,1.0,0.03529412,0,-2.172738,6.5271926,6.1447186,0.016798794,-0.037873644,-0.018936822
1400463729778,151985,2,215.28424,1244.2843,1.0,0.03529412,0,-2.19668,6.489484,6.090849,0.01863139,-0.028710667,-0.023518313
1400463729916,151985,2,203.0,1230.407,1.0,0.03529412,0,-2.1709423,6.508039,6.0106435,0.015271631,-0.022602014,-0.02687807
1400463730053,151985,2,196.0,1217.9932,1.0,0.03529412,0,-2.19249,6.4858923,6.0238113,0.0030543262,-0.017715093,-0.030543262
1400463730194,151985,2,187.61702,1205.6171,1.0,0.037254903,0,-2.2092497,6.4787097,6.0663085,-0.002443461,-0.02565634,-0.03390302
1400463730364,151985,2,178.14879,1197.0,1.0,0.037254903,0,-2.207454,6.479907,6.0878563,-0.004886922,-0.044898596,-0.030543262
1400463730506,151985,2,173.11781,1195.0,1.0,0.033333335,0,-2.2331917,6.469133,6.0585275,-0.004276057,-0.05009095,-0.026267206
1400463730650,151985,2,168.0,1195.0,1.0,0.029411767,0,-2.243367,6.4721255,6.0184245,0.005497787,-0.043676864,-0.016493361
1400463730651,151985,1,168.0,1195.0,1.0,0.029411767,0,-2.244564,6.4763155,5.9920883,0.015271631,-0.03604105,-0.0125227375
1400463738921,151985,0,341.0,1600.0,1.0,0.023529414,0,-2.2499511,6.4751186,6.0345855,0.014966198,-0.042760566,-0.0067195175
1400463738940,151985,2,341.0,1600.0,1.0,0.021568628,0,-2.2176294,6.4840965,6.0291986,0.01863139,-0.04642576,0.0027488936
1400463738957,151985,2,341.0,1600.0,1.0,0.025490198,0,-2.172738,6.523601,5.985504,0.020158553,-0.046731193,0.0021380284
1400463738974,151985,2,341.0,1596.3379,1.0,0.025490198,0,-2.1637597,6.535572,5.988497,0.0143553335,-0.05009095,-0.0061086523
1400463738991,151985,2,341.0,1591.6697,1.0,0.025490198,0,-2.190096,6.5152216,6.0543375,0.019242255,-0.042455133,-0.01038471
1400463739007,151985,2,341.0,1586.5,1.0,0.025490198,0,-2.2050598,6.5349736,6.0746884,0.018325957,-0.04184427,-0.008246681
1400463739024,151985,2,341.0,1581.7422,1.0,0.025490198,0,-2.1817162,6.546346,6.043564,0.008552114,-0.03940081,-0.0033597588
1400463739041,151985,2,341.0,1576.5725,1.0,0.025490198,0,-2.195483,6.5349736,6.045958,0.0067195175,-0.021685716,-0.009468411
1400463739058,151985,2,341.0,1572.0015,1.0,0.027450982,0,-2.2361844,6.525397,6.0363812,0.0,-0.026572637,-0.019242255
1400463739225,151985,2,328.1032,1511.3097,1.0,0.027450982,0,-2.2337902,6.5385647,5.9998693,-0.011911872,-0.045814894,-0.022296581
1400463739369,151985,2,318.7438,1472.2314,1.0,0.027450982,0,-2.2068555,6.5271926,6.0363812,-0.020463986,-0.046120327,-0.018936822
1400463739511,151985,2,307.82745,1442.6549,1.0,0.03137255,0,-2.1386206,6.5427547,6.0238113,-0.02107485,-0.050396383,-0.009162978
1400463739661,151985,2,302.0,1414.8077,1.0,0.03137255,0,-2.1338322,6.5241995,6.0758853,-0.019547688,-0.06078109,-0.004581489
1400463739804,151985,2,298.53882,1398.5388,1.0,0.03137255,0,-2.1535845,6.5164185,6.1022215,-0.020463986,-0.07147124,-0.004886922
1400463739944,151985,2,293.62814,1384.6282,1.0,0.03137255,0,-2.1440077,6.505645,6.0986304,-0.02321288,-0.07574729,-0.004276057
1400463740091,151985,2,286.70044,1370.7004,1.0,0.03137255,0,-2.134431,6.5032506,6.091448,-0.02565634,-0.07269296,0.002443461
1400463740230,151985,2,281.33408,1352.3341,1.0,0.03137255,0,-2.119467,6.52001,6.0926447,-0.032375857,-0.059864793,0.009468411
1400463740381,151985,2,274.4092,1336.4092,1.0,0.03137255,0,-2.0518308,6.5708866,6.091448,-0.046120327,-0.047036625,0.0067195175
1400463740523,151985,2,272.0,1316.4941,1.0,0.033333335,0,-2.047641,6.5840545,6.1129956,-0.056505036,-0.04917465,-0.0012217305
1400463740679,151985,2,260.58075,1291.1615,1.0,0.033333335,0,-2.0901382,6.585252,6.191406,-0.064751714,-0.0580322,-0.007330383
1400463740820,151985,2,250.0,1270.6613,1.0,0.03529412,0,-2.1278467,6.525397,6.241684,-0.062002823,-0.064751714,-0.013744468
1400463740966,151985,2,244.0,1258.2969,1.0,0.03529412,0,-2.1398177,6.4978633,6.2087636,-0.046120327,-0.069027774,-0.017715093
1400463741105,151985,2,236.36147,1249.0,1.0,0.03137255,0,-2.1003134,6.5188127,6.2380924,-0.039095376,-0.07696902,-0.01985312
1400463741237,151985,2,232.0,1249.0,1.0,0.033333335,0,-2.1470003,6.5230026,6.141726,-0.028710667,-0.081855945,-0.01863139
1400463741238,151985,1,232.0,1249.0,1.0,0.033333335,0,-2.1272483,6.529587,6.0597243,-0.01863139,-0.08460484,-0.0125227375
1400463751690,151985,0,384.0,1563.0,1.0,0.025490198,0,-2.1242554,6.503849,6.0387754,-0.011911872,-0.083383106,-0.011301007
1400463751707,151985,2,384.0,1563.0,1.0,0.025490198,0,-2.0667946,6.509236,6.0645127,-0.02107485,-0.08735373,-0.014966198
1400463751725,151985,2,384.0,1563.0,1.0,0.025490198,0,-2.055422,6.5146227,6.0621185,-0.04428773,-0.099571034,-0.016798794
1400463751741,151985,2,384.0,1563.0,1.0,0.027450982,0,-2.058415,6.510433,6.0399723,-0.059253927,-0.09560041,-0.016187929
1400463751756,151985,2,384.0,1563.0,1.0,0.027450982,0,-2.018312,6.5032506,6.075287,-0.065973446,-0.07971791,-0.021380283
1400463751773,151985,2,384.0,1563.0,1.0,0.029411767,0,-2.0470424,6.457162,6.133346,-0.06536258,-0.06536258,-0.023518313
1400463751806,151985,2,382.67447,1556.0234,1.0,0.029411767,0,-2.0512323,6.459556,6.1686606,-0.060170226,-0.06047566,-0.023518313
1400463751823,151985,2,383.0,1551.1581,1.0,0.029411767,0,-2.0458453,6.4469867,6.136339,-0.045814894,-0.057421334,-0.022907447
1400463751841,151985,2,381.39102,1547.7821,1.0,0.029411767,0,-2.0440497,6.420052,6.131551,-0.040317107,-0.060170226,-0.01985312
1400463751856,151985,2,381.0,1544.8062,1.0,0.029411767,0,-2.034473,6.420052,6.172252,-0.03970624,-0.06536258,-0.022296581
1400463751873,151985,2,380.2188,1541.4376,1.0,0.029411767,0,-2.0602105,6.4326215,6.1477113,-0.034208454,-0.056199603,-0.021991149
1400463751893,151985,2,380.0,1538.4476,1.0,0.029411767,0,-2.070386,6.4206505,6.0597243,-0.032986723,-0.03726278,-0.017104227
1400463751908,151985,2,380.0,1535.281,1.0,0.029411767,0,-2.0895395,6.4098763,6.133945,-0.038179077,-0.03145956,-0.01740966
1400463752072,151985,2,377.0,1515.1757,1.0,0.03137255,0,-2.1057005,6.4392056,6.120178,-0.056199603,-0.03268129,-0.022602014
1400463752214,151985,2,374.0,1501.2648,1.0,0.03137255,0,-2.1057005,6.447585,6.1100025,-0.058643065,-0.022602014,-0.02443461
1400463752366,151985,2,370.0,1487.3408,1.0,0.03137255,0,-2.0536265,6.4487824,6.1123967,-0.04886922,-0.024740042,-0.02687807
1400463752507,151985,2,363.0,1466.8472,1.0,0.03137255,0,-2.019509,6.405687,6.1530986,-0.04184427,-0.053450707,-0.036957346
1400463752662,151985,2,357.0,1451.507,1.0,0.03137255,0,-2.0368671,6.4032927,6.2554507,-0.04184427,-0.08124508,-0.0421497
1400463752811,151985,2,351.58624,1437.5862,1.0,0.03137255,0,-2.079364,6.39611,6.2500634,-0.03481932,-0.08368854,-0.036651913
1400463752955,151985,2,344.0,1423.6654,1.0,0.03137255,0,-2.0913353,6.3979053,6.1938,-0.028405234,-0.06078109,-0.034208454
1400463753097,151985,2,339.0,1411.2991,1.0,0.03137255,0,-2.0290859,6.429629,6.2045736,-0.03756821,-0.047647487,-0.03145956
1400463753232,151985,2,333.0,1398.9286,1.0,0.033333335,0,-2.0207062,6.4511766,6.2847795,-0.04642576,-0.04184427,-0.027488936
1400463753367,151985,2,328.0,1386.5553,1.0,0.033333335,0,-2.0524294,6.4565635,6.2488666,-0.04642576,-0.03268129,-0.026267206
1400463753499,151985,2,323.0,1375.1865,1.0,0.033333335,0,-2.0727801,6.4565635,6.247669,-0.044593163,-0.032070424,-0.027794369
1400463753628,151985,2,317.0,1366.8114,1.0,0.033333335,0,-2.067393,6.431424,6.2763996,-0.040317107,-0.03176499,-0.028099801
1400463753762,151985,2,312.0,1356.438,1.0,0.033333335,0,-2.0368671,6.4631476,6.223727,-0.039095376,-0.03176499,-0.022602014
1400463753896,151985,2,308.0,1346.0671,1.0,0.033333335,0,-2.0494366,6.441001,6.121375,-0.041233405,-0.017715093,-0.018936822
1400463754029,151985,2,304.699,1336.699,1.0,0.033333335,0,-2.0506337,6.452972,6.033388,-0.049785517,-0.0033597588,-0.023518313
1400463754156,151985,2,299.0,1327.3188,1.0,0.033333335,0,-2.046444,6.455366,6.0645127,-0.07147124,-0.01038471,-0.032070424
1400463754323,151985,2,290.8416,1312.8416,1.0,0.03137255,0,-2.0524294,6.4380083,6.153697,-0.09193522,-0.027488936,-0.03604105
1400463754455,151985,2,284.47504,1300.475,1.0,0.033333335,0,-2.0572178,6.411672,6.2650275,-0.09040806,-0.04917465,-0.036957346
1400463754587,151985,2,276.10062,1288.1006,1.0,0.03529412,0,-2.0123265,6.425439,6.2943563,-0.086132,-0.061086524,-0.03726278
1400463754736,151985,2,267.0,1274.1829,1.0,0.03529412,0,-2.0536265,6.3883286,6.421249,-0.07696902,-0.055588737,-0.039095376
1400463754883,151985,2,256.25906,1260.259,1.0,0.03529412,0,-2.0757728,6.3865333,6.329671,-0.052839845,-0.039095376,-0.036957346
1400463755009,151985,2,248.0,1249.4403,1.0,0.033333335,0,-2.0446482,6.4032927,6.3111157,-0.019242255,-0.04153884,-0.0290161
1400463755139,151985,2,241.05957,1240.0596,1.0,0.033333335,0,-2.0350714,6.4002995,6.3087215,0.004886922,-0.06078109,-0.025350908
1400463755266,151985,2,238.0,1233.6282,1.0,0.033333335,0,-2.1146786,6.329671,6.259042,0.014660766,-0.067500606,-0.024740042
1400463755409,151985,2,233.5359,1228.0,1.0,0.03137255,0,-2.0320787,6.452972,6.131551,0.013744468,-0.06291912,-0.022907447
1400463755542,151985,2,226.0,1226.0,1.0,0.033333335,0,-2.043451,6.4469867,6.133945,-0.008857546,-0.05222898,-0.019547688
1400463755545,151985,2,226.0,1226.0,1.0,0.03529412,0,-2.0590134,6.4248405,6.145317,-0.023823744,-0.053145275,-0.024129177
1400463755546,151985,1,226.0,1226.0,1.0,0.03529412,0,-2.0614076,6.4020953,6.173449,-0.051923547,-0.058337633,-0.024129177
1400463756918,151985,0,398.0,1581.0,1.0,0.025490198,0,-2.042254,6.415862,6.241085,-0.07452556,-0.053145275,-0.028099801
1400463756943,151985,2,398.0,1581.0,1.0,0.025490198,0,-2.0254946,6.409278,6.3338604,-0.07452556,-0.038179077,-0.029626964
1400463756976,151985,2,398.0,1581.0,1.0,0.025490198,0,-2.0326772,6.4032927,6.332065,-0.0571159,-0.027794369,-0.031154128
1400463756995,151985,2,398.0,1581.0,1.0,0.025490198,0,-2.0733786,6.3859344,6.2901664,-0.03268129,-0.025350908,-0.0290161
1400463757009,151985,2,397.27026,1578.8108,1.0,0.027450982,0,-2.0913353,6.341043,6.256049,-0.015577064,-0.036957346,-0.021685716
1400463757027,151985,2,395.72794,1574.1838,1.0,0.029411767,0,-2.0440497,6.332065,6.2991447,-0.005497787,-0.05009095,-0.025045475
1400463757044,151985,2,393.35312,1569.5297,1.0,0.029411767,0,-2.011728,6.331466,6.326678,-0.006414085,-0.049480084,-0.03023783
1400463757059,151985,2,390.85764,1565.7865,1.0,0.029411767,0,-2.0177135,6.318897,6.323685,-0.007941248,-0.039095376,-0.0290161
1400463757077,151985,2,389.39078,1561.1724,1.0,0.029411767,0,-2.0015526,6.339846,6.318897,-0.0070249503,-0.034208454,-0.027794369
1400463757094,151985,2,387.58658,1555.7598,1.0,0.029411767,0,-2.0039468,6.3566055,6.3524156,0.00030543262,-0.028099801,-0.030848695
1400463757258,151985,2,373.71066,1517.4213,1.0,0.03137255,0,-2.03567,6.3709707,6.2991447,0.0021380284,-0.029321533,-0.032070424
1400463757399,151985,2,366.61722,1500.6172,1.0,0.03137255,0,-2.0500352,6.355408,6.2644286,0.00061086525,-0.030543262,-0.032070424
1400463757532,151985,2,363.0,1488.2395,1.0,0.03137255,0,-2.019509,6.397307,6.2392898,0.00061086525,-0.031154128,-0.021380283
1400463757678,151985,2,357.31573,1472.3158,1.0,0.03137255,0,-1.9967642,6.4338183,6.2207346,-0.008552114,-0.040317107,-0.022907447
1400463757812,151985,2,350.94577,1459.9458,1.0,0.03137255,0,-2.0655975,6.393716,6.2901664,-0.01740966,-0.044898596,-0.029321533
1400463757959,151985,2,344.0,1446.0245,1.0,0.03137255,0,-2.0679917,6.38773,6.3380504,-0.017715093,-0.0421497,-0.030543262
1400463758096,151985,2,336.644,1433.644,1.0,0.03137255,0,-2.0536265,6.3859344,6.30513,-0.008857546,-0.04062254,-0.02443461
1400463758247,151985,2,326.71857,1431.0,1.0,0.025490198,0,-2.0159178,6.381745,6.241085,0.00030543262,-0.044593163,-0.025350908
1400463758363,151985,2,325.0,1431.0,1.0,0.029411767,0,-1.9991584,6.405088,6.2380924,0.002443461,-0.05100725,-0.03145956
1400463758364,151985,1,325.0,1431.0,1.0,0.029411767,0,-2.03567,6.363788,6.235698,0.005192355,-0.04153884,-0.029932396
1400463783070,151985,0,313.0,1694.0,1.0,0.021568628,0,-2.1015105,6.363788,6.227319,0.00061086525,-0.038789943,-0.029626964
1400463783091,151985,2,313.0,1694.0,1.0,0.021568628,0,-2.055422,6.4122705,6.208165,-0.0061086523,-0.034208454,-0.027183503
1400463783106,151985,2,313.0,1694.0,1.0,0.021568628,0,-2.0141222,6.403891,6.229713,-0.0015271631,-0.017715093,-0.027183503
1400463783122,151985,2,317.88846,1692.3705,1.0,0.023529414,0,-2.0141222,6.3781533,6.2566476,0.0018325958,-0.02076942,-0.027488936
1400463783141,151985,2,321.33823,1690.6617,1.0,0.023529414,0,-2.007538,6.3619924,6.31351,0.004581489,-0.036957346,-0.027794369
1400463783156,151985,2,324.50055,1688.2498,1.0,0.023529414,0,-2.0380642,6.373365,6.30932,0.010995574,-0.044593163,-0.029626964
1400463783171,151985,2,327.37015,1685.6299,1.0,0.025490198,0,-2.0386627,6.3913217,6.279991,0.016798794,-0.051618114,-0.025350908
1400463783190,151985,2,329.76062,1682.4788,1.0,0.025490198,0,-2.0099323,6.393117,6.2566476,0.019242255,-0.036957346,-0.027183503
1400463783206,151985,2,331.12836,1679.7433,1.0,0.025490198,0,-1.9818004,6.405088,6.2626333,0.012217305,-0.03176499,-0.030543262
1400463783224,151985,2,332.65585,1676.6882,1.0,0.025490198,0,-1.9913772,6.3685765,6.2362967,0.00030543262,-0.04734206,-0.028405234
1400463783240,151985,2,334.5,1673.0,1.0,0.025490198,0,-1.9782091,6.3751607,6.23091,-0.011911872,-0.03848451,-0.03359759
1400463783257,151985,2,335.95303,1670.0939,1.0,0.025490198,0,-1.9829975,6.3721676,6.2686186,-0.019242255,-0.018020526,-0.038179077
1400463783273,151985,2,337.5,1665.5,1.0,0.025490198,0,-1.9985598,6.3739634,6.301539,-0.021380283,-0.014966198,-0.03756821
1400463783289,151985,2,337.0,1661.5264,1.0,0.025490198,0,-2.010531,6.3949127,6.2566476,-0.022907447,-0.01160644,-0.032986723
1400463783305,151985,2,337.0,1658.5674,1.0,0.025490198,0,-2.0266917,6.39192,6.201581,-0.02321288,0.008246681,-0.030543262
1400463783322,151985,2,337.0,1654.0902,1.0,0.025490198,0,-2.0614076,6.3907228,6.284181,-0.021991149,0.010995574,-0.03023783
1400463783340,151985,2,337.0,1651.6351,1.0,0.025490198,0,-2.1057005,6.3589997,6.331466,-0.021991149,-0.0076358155,-0.031154128
1400463783362,151985,2,337.0,1648.7157,1.0,0.025490198,0,-2.1027076,6.4098763,6.2967505,-0.020158553,-0.013133603,-0.03268129
1400463783371,151985,2,337.0,1645.6511,1.0,0.025490198,0,-2.087744,6.4044895,6.251859,-0.017104227,-0.01038471,-0.029626964
1400463783391,151985,2,337.0,1642.0922,1.0,0.025490198,0,-2.0973208,6.365584,6.241085,-0.013133603,-0.004581489,-0.028099801
1400463783407,151985,2,337.0,1639.1925,1.0,0.025490198,0,-2.0518308,6.3739634,6.249465,-0.009162978,-0.013439035,-0.03145956
1400463783423,151985,2,337.0,1634.4321,1.0,0.027450982,0,-2.0572178,6.377555,6.2446766,-0.009468411,-0.032375857,-0.034208454
1400463783438,151985,2,337.0,1629.8257,1.0,0.027450982,0,-2.0560207,6.355408,6.2327056,-0.017715093,-0.03604105,-0.038179077
1400463783455,151985,2,337.0,1625.1685,1.0,0.027450982,0,-2.0649989,6.341043,6.269816,-0.024740042,-0.029932396,-0.03390302
1400463783472,151985,2,337.0,1622.0148,1.0,0.027450982,0,-2.0614076,6.3524156,6.2458735,-0.024129177,-0.028099801,-0.030543262
1400463783489,151985,2,337.0,1617.7716,1.0,0.027450982,0,-2.0667946,6.3548098,6.2243257,-0.032986723,-0.02565634,-0.03176499
1400463783507,151985,2,337.0,1614.9664,1.0,0.027450982,0,-2.095525,6.363788,6.22672,-0.03604105,-0.0125227375,-0.03390302
1400463783522,151985,2,337.0,1611.6487,1.0,0.027450982,0,-2.0925324,6.3763576,6.2524576,-0.036957346,-0.01160644,-0.03634648
1400463783691,151985,2,337.0,1589.6514,1.0,0.027450982,0,-2.0883424,6.3745623,6.314707,-0.042455133,-0.013439035,-0.03023783
1400463783818,151985,2,338.15717,1575.6857,1.0,0.027450982,0,-2.0242975,6.369175,6.2620344,-0.039095376,-0.013744468,-0.02687807
1400463783945,151985,2,341.0,1556.9354,1.0,0.029411767,0,-2.0404584,6.362591,6.317101,-0.026572637,-0.016493361,-0.030543262
1400463784081,151985,2,341.0,1537.1931,1.0,0.029411767,0,-2.0644004,6.3865333,6.359598,-0.01985312,-0.018936822,-0.03268129
1400463784210,151985,2,341.0,1520.7251,1.0,0.03137255,0,-2.0757728,6.3781533,6.2991447,-0.012217305,-0.004581489,-0.024740042
1400463784337,151985,2,334.2989,1502.5978,1.0,0.03137255,0,-2.0871453,6.3865333,6.287772,-0.002443461,0.0012217305,-0.022907447
1400463784468,151985,2,325.0,1484.952,1.0,0.03137255,0,-2.0518308,6.395511,6.1836243,0.005192355,-0.011301007,-0.023518313
1400463784606,151985,2,319.5527,1466.1055,1.0,0.03137255,0,-2.0536265,6.381745,6.192004,-0.0036651916,-0.016187929,-0.024740042
1400463784736,151985,2,311.18246,1452.1825,1.0,0.03137255,0,-2.0213048,6.3470287,6.253655,-0.03268129,-0.020463986,-0.024740042
1400463784866,151985,2,307.0,1441.3599,1.0,0.03137255,0,-2.0177135,6.333262,6.3111157,-0.047036625,-0.025045475,-0.03023783
1400463784995,151985,2,298.98767,1425.9753,1.0,0.03137255,0,-2.0009542,6.3392477,6.353613,-0.04734206,-0.022907447,-0.03023783
1400463785126,151985,2,290.0,1404.6105,1.0,0.03137255,0,-2.043451,6.2781954,6.3901243,-0.04520403,-0.022296581,-0.027183503
1400463785258,151985,2,285.0,1391.2367,1.0,0.03137255,0,-2.0649989,6.3105173,6.3985043,-0.03940081,-0.020463986,-0.023518313
1400463785398,151985,2,280.86423,1379.8643,1.0,0.033333335,0,-2.0709844,6.329072,6.335656,-0.026267206,-0.01863139,-0.019547688
1400463785532,151985,2,266.05066,1364.5759,1.0,0.03137255,0,-2.047641,6.3230867,6.281188,-0.013744468,-0.028405234,-0.01985312
1400463785662,151985,2,220.11588,1329.2318,1.0,0.027450982,0,-2.0099323,6.3272767,6.2434793,-0.009162978,-0.03145956,-0.02565634
1400463785773,151985,2,206.0,1309.0,1.0,0.03137255,0,-2.0296845,6.329671,6.233304,-0.009773844,-0.03481932,-0.03023783
1400463785775,151985,1,206.0,1309.0,1.0,0.03137255,0,-2.0296845,6.3643866,6.215348,-0.011911872,-0.03481932,-0.031154128
1400463786294,151985,0,322.0,1601.0,1.0,0.021568628,0,-2.0458453,6.353613,6.221333,-0.0106901415,-0.03268129,-0.031154128
1400463786295,151985,2,322.0,1601.0,1.0,0.023529414,0,-2.0518308,6.3542113,6.25964,-0.0015271631,-0.034513887,-0.03481932
1400463786421,151985,2,324.0,1579.6266,1.0,0.027450982,0,-2.0368671,6.3769565,6.2303114,0.00580322,-0.03604105,-0.03726278
1400463786546,151985,2,314.38617,1533.5447,1.0,0.027450982,0,-2.0446482,6.3607955,6.1985884,0.0015271631,-0.03726278,-0.036651913
1400463786674,151985,2,300.01242,1490.0497,1.0,0.027450982,0,-2.0332758,6.326678,6.1596823,-0.01160644,-0.03359759,-0.03390302
1400463786806,151985,2,286.63153,1452.2631,1.0,0.027450982,0,-2.0404584,6.341043,6.159084,-0.031154128,-0.021991149,-0.03359759
1400463786933,151985,2,279.2592,1435.2592,1.0,0.029411767,0,-2.0470424,6.3404446,6.2249246,-0.043676864,-0.013133603,-0.03390302
1400463787058,151985,2,271.0,1421.4376,1.0,0.03137255,0,-2.0949266,6.3230867,6.281188,-0.05222898,-0.015882496,-0.033292156
1400463787192,151985,2,265.0,1408.0603,1.0,0.03137255,0,-2.1272483,6.343437,6.329072,-0.05497787,-0.020158553,-0.035124753
1400463787321,151985,2,261.0,1395.6901,1.0,0.029411767,0,-2.0697873,6.307524,6.4128695,-0.057421334,-0.014049901,-0.034513887
1400463787454,151985,2,257.3121,1383.3121,1.0,0.029411767,0,-2.046444,6.2967505,6.4404025,-0.051923547,-0.014660766,-0.03176499
1400463787581,151985,2,253.0,1373.9501,1.0,0.029411767,0,-2.088941,6.2500634,6.4368114,-0.03390302,-0.02107485,-0.029321533
1400463787709,151985,2,249.0,1367.1244,1.0,0.03137255,0,-2.1068976,6.2434793,6.3721676,-0.007330383,-0.008246681,-0.02321288
1400463787845,151985,2,245.0,1357.1976,1.0,0.03137255,0,-2.0805612,6.2769985,6.318897,0.0070249503,0.0070249503,-0.01863139
1400463787979,151985,2,242.0,1344.8217,1.0,0.03137255,0,-2.0751743,6.249465,6.3021374,0.0125227375,0.0061086523,-0.019242255
1400463788113,151985,2,238.0,1332.4155,1.0,0.03137255,0,-2.1051018,6.2686186,6.269816,0.0033597588,0.00030543262,-0.018936822
1400463788239,151985,2,235.60947,1321.6095,1.0,0.03137255,0,-2.130241,6.3105173,6.293758,-0.010995574,-0.013439035,-0.01985312
1400463788371,151985,2,232.23833,1307.2383,1.0,0.03137255,0,-2.135628,6.3338604,6.3392477,-0.016798794,-0.022602014,-0.02107485
1400463788500,151985,2,229.0,1293.8593,1.0,0.03137255,0,-2.1481974,6.3458314,6.355408,-0.02687807,-0.019242255,-0.020463986
1400463788628,151985,2,227.0,1280.4934,1.0,0.03137255,0,-2.160767,6.3601966,6.337452,-0.018325957,0.004276057,-0.01863139
1400463788759,151985,2,223.12457,1264.1245,1.0,0.03137255,0,-2.1296425,6.3727665,6.2781954,0.0009162979,0.017715093,-0.014966198
1400463788887,151985,2,222.0,1246.6124,1.0,0.03137255,0,-2.1230583,6.3703723,6.2261214,0.0076358155,0.012217305,-0.013439035
1400463789017,151985,2,218.92398,1231.924,1.0,0.03137255,0,-2.0787656,6.353613,6.205771,-0.00580322,0.011911872,-0.015271631
1400463789147,151985,2,209.54774,1218.5477,1.0,0.029411767,0,-2.071583,6.3368535,6.2351,-0.0106901415,0.01038471,-0.015577064
1400463789257,151985,2,203.0,1213.0,1.0,0.03137255,0,-2.1003134,6.3284736,6.279991,-0.016798794,-0.00061086525,-0.025961773
1400463789258,151985,1,203.0,1213.0,1.0,0.03137255,0,-2.11827,6.353014,6.338649,-0.018325957,-0.0070249503,-0.028710667
1400463799325,151985,0,333.0,1623.0,1.0,0.019607844,0,-2.111686,6.343437,6.353014,-0.013744468,-0.005497787,-0.02443461
1400463799348,151985,2,333.0,1623.0,1.0,0.019607844,0,-2.1045034,6.329671,6.3206925,-0.0106901415,-0.003970624,-0.0143553335
1400463799363,151985,2,333.0,1623.0,1.0,0.023529414,0,-2.0602105,6.338649,6.3009405,-0.010995574,0.0012217305,-0.010995574
1400463799380,151985,2,333.0,1617.3622,1.0,0.023529414,0,-2.0614076,6.3368535,6.2793927,-0.017104227,0.018020526,-0.014966198
1400463799396,151985,2,333.0,1607.1779,1.0,0.025490198,0,-2.0727801,6.3338604,6.2991447,-0.028099801,0.0125227375,-0.022907447
1400463799413,151985,2,332.21567,1597.5098,1.0,0.025490198,0,-2.0398598,6.2979474,6.349423,-0.025961773,-0.0027488936,-0.023823744
1400463799559,151985,2,315.699,1525.796,1.0,0.027450982,0,-2.086547,6.2704144,6.4547677,-0.025961773,-0.016187929,-0.022296581
1400463799690,151985,2,298.32574,1485.303,1.0,0.027450982,0,-2.1152773,6.285378,6.4751186,-0.014049901,-0.015577064,-0.022602014
1400463799822,151985,2,284.96002,1456.9601,1.0,0.027450982,0,-2.1080947,6.2805896,6.3979053,-0.0018325958,-0.010079277,-0.020463986
1400463799990,151985,2,271.4879,1441.4879,1.0,0.025490198,0,-2.107496,6.2865753,6.26802,0.016798794,-0.008246681,-0.015271631
1400463800119,151985,2,266.0,1436.0,1.0,0.029411767,0,-2.0811598,6.318897,6.18123,0.014966198,-0.003970624,-0.015577064
1400463800120,151985,1,266.0,1436.0,1.0,0.029411767,0,-2.0949266,6.3584013,6.1303535,0.014966198,-0.0015271631,-0.022907447
1400463844619,151985,0,56.0,1205.0,1.0,0.021568628,0,-2.0925324,6.356007,6.137536,-0.010995574,-0.007941248,-0.025961773
1400463844657,151985,2,61.170937,1219.5128,1.0,0.023529414,0,-2.0871453,6.3512187,6.194997,-0.023518313,-0.0143553335,-0.02687807
1400463844675,151985,2,73.55448,1263.6997,1.0,0.023529414,0,-2.0536265,6.3284736,6.215946,-0.036651913,-0.005497787,-0.027488936
1400463844825,151985,2,147.30724,1582.9188,1.0,0.023529414,0,-2.0488381,6.320094,6.1584854,-0.040317107,-0.0015271631,-0.0290161
1400463844960,151985,2,129.45366,1702.6082,1.0,0.025490198,0,-2.0470424,6.3177,6.0944405,-0.04184427,0.0106901415,-0.030848695
1400463845089,151985,2,118.0,1721.0,1.0,0.023529414,0,-2.0518308,6.2901664,6.091448,-0.053145275,0.019242255,-0.030848695
1400463845091,151985,1,118.0,1721.0,1.0,0.023529414,0,-2.0919337,6.2859764,6.147113,-0.070249505,0.03023783,-0.0290161
1400463845353,151985,0,111.0,1245.0,1.0,0.025490198,0,-2.1134815,6.2662244,6.194997,-0.08277224,0.04520403,-0.028099801
1400463845356,151985,2,178.53389,1499.1356,1.0,0.027450982,0,-2.136825,6.2632318,6.2195373,-0.081855945,0.06505715,-0.0290161
1400463845488,151985,2,139.0,1707.0,1.0,0.025490198,0,-2.1140802,6.245275,6.2823853,-0.08368854,0.06566802,-0.028405234
1400463845490,151985,1,139.0,1707.0,1.0,0.025490198,0,-2.1589713,6.215946,6.285378,-0.09315695,0.055588737,-0.029932396
1400463845760,151985,0,122.0,1255.0,1.0,0.021568628,0,-2.0697873,6.269816,6.289568,-0.09254608,0.053145275,-0.026267206
1400463845763,151985,2,134.24391,1276.7074,1.0,0.025490198,0,-2.134431,6.2243257,6.3661823,-0.09010262,0.049480084,-0.02076942
1400463845896,151985,2,168.32327,1519.5559,1.0,0.025490198,0,-2.1787236,6.201581,6.379949,-0.08979719,0.05100725,-0.022296581
1400463846052,151985,2,133.0,1743.0,1.0,0.023529414,0,-2.1505916,6.215946,6.39192,-0.08735373,0.058948494,-0.022907447
1400463846054,151985,1,133.0,1743.0,1.0,0.023529414,0,-2.1290438,6.220136,6.407482,-0.077579886,0.07452556,-0.013744468
1400463846321,151985,0,136.0,1267.0,1.0,0.025490198,0,-2.1284454,6.2105594,6.42903,-0.06872234,0.07086037,-0.0143553335
1400463846486,151985,2,191.26666,1676.7778,1.0,0.023529414,0,-2.1547816,6.2261214,6.4368114,-0.06078109,0.06994407,-0.025350908
1400463846639,151985,2,198.94548,1701.0,1.0,0.025490198,0,-2.1799207,6.229713,6.405687,-0.058948494,0.054367006,-0.039095376
1400463846779,151985,2,200.10396,1705.0,1.0,0.025490198,0,-2.1978772,6.197391,6.353014,-0.061391957,0.04184427,-0.044593163
1400463846921,151985,2,173.71745,1717.6412,1.0,0.021568628,0,-2.1948843,6.1596823,6.315904,-0.055588737,0.0580322,-0.043066
1400463847049,151985,2,170.0,1719.0,1.0,0.025490198,0,-2.1948843,6.177639,6.289568,-0.055588737,0.06688975,-0.04337143
1400463847051,151985,1,170.0,1719.0,1.0,0.025490198,0,-2.2110453,6.1626754,6.314707,-0.070249505,0.0711658,-0.046120327
1400463847923,151985,0,125.0,1311.0,1.0,0.023529414,0,-2.2451627,6.147113,6.3470287,-0.08307768,0.09315695,-0.054367006
1400463847927,151985,2,130.5701,1329.7103,1.0,0.023529414,0,-2.2661119,6.1542954,6.369175,-0.089186326,0.10354166,-0.06078109
1400463848082,151985,2,135.0,1377.2848,1.0,0.025490198,0,-2.2906525,6.1608796,6.39192,-0.094989546,0.09865474,-0.061391957
1400463848218,151985,2,138.0,1420.3104,1.0,0.025490198,0,-2.336741,6.1824274,6.4020953,-0.09315695,0.08857546,-0.058337633
1400463848341,151985,2,142.2632,1448.7896,1.0,0.023529414,0,-2.3600843,6.1770406,6.3979053,-0.09101892,0.076052725,-0.053450707
1400463848470,151985,2,144.0,1469.6304,1.0,0.025490198,0,-2.2798786,6.1926026,6.432023,-0.09132435,0.076052725,-0.04886922
1400463848604,151985,2,145.0,1478.0,1.0,0.025490198,0,-2.273893,6.147113,6.4182563,-0.08307768,0.08002335,-0.050396383
1400463848731,151985,2,147.38701,1486.387,1.0,0.027450982,0,-2.2888567,6.1411276,6.4182563,-0.08124508,0.079107046,-0.05497787
1400463848861,151985,2,160.42448,1520.1224,1.0,0.025490198,0,-2.297835,6.145916,6.384139,-0.084910266,0.07727446,-0.063224554
1400463848992,151985,2,144.64389,1748.0134,1.0,0.023529414,0,-2.3002293,6.137536,6.3488245,-0.08246681,0.089491755,-0.063224554
1400463849135,151985,2,113.0,1840.0,1.0,0.019607844,0,-2.2541409,6.123171,6.3512187,-0.08399397,0.09987647,-0.06505715
1400463849141,151985,1,113.0,1840.0,1.0,0.019607844,0,-2.2260091,6.0884547,6.342839,-0.09285152,0.09712757,-0.070554934
1400463849532,151985,0,106.0,1203.0,1.0,0.021568628,0,-2.2307975,6.0543375,6.431424,-0.09193522,0.10842858,-0.07452556
1400463849534,151985,2,127.37432,1276.2458,1.0,0.025490198,0,-2.296638,6.0399723,6.5002575,-0.081855945,0.121256754,-0.076052725
1400463849670,151985,2,139.0,1334.5309,1.0,0.027450982,0,-2.3409307,6.0369797,6.542156,-0.06291912,0.13958271,-0.06994407
1400463849804,151985,2,144.13063,1417.9144,1.0,0.025490198,0,-2.3714569,6.039374,6.5188127,-0.05009095,0.16768251,-0.065973446
1400463849941,151985,2,155.5068,1511.534,1.0,0.025490198,0,-2.3810337,6.047155,6.4727244,-0.025961773,0.17531833,-0.06261369
1400463850077,151985,2,151.12115,1563.3943,1.0,0.025490198,0,-2.40318,6.0519433,6.3745623,-0.01740966,0.1740966,-0.059864793
1400463850212,151985,2,137.2019,1624.3943,1.0,0.025490198,0,-2.4007857,6.0848637,6.278794,-0.020158553,0.17592919,-0.063224554
1400463850345,151985,2,122.81669,1659.0,1.0,0.023529414,0,-2.4007857,6.1117983,6.239888,-0.0421497,0.16340645,-0.06658431
1400463850458,151985,2,123.0,1659.0,1.0,0.025490198,0,-2.417545,6.1040173,6.239888,-0.077579886,0.14508049,-0.0720821
1400463850459,151985,1,123.0,1659.0,1.0,0.025490198,0,-2.4241292,6.06152,6.254852,-0.11148291,0.1282817,-0.08460484
1400463850916,151985,0,131.0,1236.0,1.0,0.023529414,0,-2.4169466,6.0130377,6.2752028,-0.13591751,0.10873401,-0.09865474
1400463850920,151985,2,139.49052,1274.4147,1.0,0.027450982,0,-2.4253263,5.9873,6.375759,-0.14935656,0.09040806,-0.10934488
1400463851057,151985,2,153.89624,1378.1699,1.0,0.027450982,0,-2.4528596,5.957971,6.4589577,-0.17134771,0.07666359,-0.11575896
1400463851186,151985,2,159.0,1465.8351,1.0,0.025490198,0,-2.5187001,5.9663506,6.479907,-0.16615535,0.07360926,-0.129198
1400463851313,151985,2,160.0,1528.5867,1.0,0.025490198,0,-2.5635915,5.9489927,6.517616,-0.15363261,0.073303826,-0.13103059
1400463851439,151985,2,156.76575,1549.0,1.0,0.025490198,0,-2.5965118,5.9424086,6.4499793,-0.1469131,0.062002823,-0.11911872
1400463851571,151985,2,143.31061,1554.8447,1.0,0.023529414,0,-2.60968,5.9358244,6.341043,-0.129198,0.05955936,-0.106901415
1400463851675,151985,2,139.0,1557.0,1.0,0.025490198,0,-2.5570073,5.9370217,6.2620344,-0.12156218,0.0729984,-0.10354166
1400463851677,151985,1,139.0,1557.0,1.0,0.025490198,0,-2.463035,5.9226565,6.2315083,-0.13041973,0.07849618,-0.10323623
1400463857549,151985,0,242.0,1678.0,1.0,0.01764706,0,-2.4007857,5.8693852,6.157288,-0.14569137,0.08002335,-0.1142318
1400463857607,151985,2,242.0,1678.0,1.0,0.019607844,0,-2.344522,5.864597,6.14412,-0.15790866,0.08307768,-0.122478485
1400463857623,151985,2,242.0,1678.0,1.0,0.023529414,0,-2.3397336,5.851429,6.1626754,-0.17959438,0.080634214,-0.14294247
1400463857639,151985,2,242.0,1678.0,1.0,0.023529414,0,-2.397793,5.7987566,6.2345014,-0.18936823,0.07513642,-0.16554448
1400463857657,151985,2,243.97987,1672.0604,1.0,0.025490198,0,-2.4791958,5.755661,6.3362546,-0.19639318,0.07819075,-0.18234327
1400463857673,151985,2,245.5,1667.5,1.0,0.025490198,0,-2.5396495,5.756858,6.4032927,-0.19272798,0.07574729,-0.19181168
1400463857690,151985,2,246.71205,1663.8638,1.0,0.025490198,0,-2.5911248,5.7442884,6.4002995,-0.1994475,0.07147124,-0.19761491
1400463857707,151985,2,247.0,1657.9803,1.0,0.025490198,0,-2.633622,5.7305217,6.3967085,-0.21960606,0.07849618,-0.20372356
1400463857726,151985,2,247.0,1653.7211,1.0,0.025490198,0,-2.6527755,5.6868277,6.405088,-0.22052236,0.10140363,-0.20525073
1400463857740,151985,2,247.0,1649.6151,1.0,0.027450982,0,-2.6551697,5.647323,6.461352,-0.21991149,0.1001819,-0.20250183
1400463857888,151985,2,240.0,1620.6249,1.0,0.025490198,0,-2.5767596,5.5898623,6.545149,-0.22724187,0.08155051,-0.20372356
1400463858027,151985,2,237.0,1600.8972,1.0,0.027450982,0,-2.557606,5.498883,6.539762,-0.23518312,0.080634214,-0.21624629
1400463858168,151985,2,237.0,1597.0,1.0,0.027450982,0,-2.6252422,5.445612,6.5655,-0.24312437,0.08857546,-0.23304509
1400463858310,151985,2,240.0,1625.3984,1.0,0.027450982,0,-2.8592753,5.4324436,6.695385,-0.24740042,0.08735373,-0.24495697
1400463858460,151985,2,240.0,1635.0,1.0,0.027450982,0,-2.9843724,5.465364,6.703166,-0.24404067,0.07941248,-0.2501493
1400463859041,151985,2,238.5352,1635.0,1.0,0.027450982,0,-3.0693667,5.482722,6.6427126,-0.22540927,0.07360926,-0.25045475
1400463859252,151985,2,237.98543,1635.0,1.0,0.027450982,0,-3.0400376,5.4761376,6.5948286,-0.21319197,0.0580322,-0.24037547
1400463859984,151985,2,236.99269,1635.0,1.0,0.027450982,0,-3.0148985,5.441422,6.5750766,-0.21105394,0.039095376,-0.23823744
1400463860000,151985,2,235.10483,1635.0,1.0,0.025490198,0,-3.056797,5.425261,6.569091,-0.2134974,0.015882496,-0.24281894
1400463860019,151985,2,233.5,1635.0,1.0,0.025490198,0,-3.0657754,5.446809,6.625355,-0.22937989,0.003970624,-0.2501493
1400463860034,151985,2,231.94269,1636.0574,1.0,0.023529414,0,-3.052607,5.4647655,6.667852,-0.23182335,-0.008246681,-0.24862215
1400463860153,151985,2,231.0,1636.0,1.0,0.025490198,0,-3.0621839,5.439028,6.6762314,-0.21166481,-0.03176499,-0.24190263
1400463860160,151985,1,231.0,1636.0,1.0,0.025490198,0,-3.1142578,5.4462104,6.654085,-0.20463985,-0.070249505,-0.23457226
1400463893713,151985,0,237.0,1498.0,1.0,0.021568628,0,-3.1681273,5.4521956,6.6774287,-0.20830505,-0.09712757,-0.22388211
1400463893739,151985,2,237.0,1498.0,1.0,0.023529414,0,-3.2028434,5.493496,6.7163343,-0.21227567,-0.12095132,-0.2144137
1400463893755,151985,2,237.0,1498.0,1.0,0.023529414,0,-3.1914709,5.5018754,6.715137,-0.22785273,-0.14110987,-0.20708331
1400463893772,151985,2,240.42366,1487.9408,1.0,0.023529414,0,-3.192668,5.4683566,6.7642183,-0.23640485,-0.15332718,-0.2049453
1400463893789,151985,2,243.42885,1477.999,1.0,0.023529414,0,-3.1729157,5.453393,6.873753,-0.25045475,-0.16676621,-0.2012801
1400463893807,151985,2,247.0,1465.5,1.0,0.027450982,0,-3.1735144,5.4444146,6.950966,-0.2611449,-0.20158553,-0.20097467
1400463893968,151985,2,261.0,1357.0927,1.0,0.027450982,0,-3.2196028,5.3779755,7.001843,-0.26816985,-0.21991149,-0.20616703
1400463894102,151985,2,247.34312,1278.2009,1.0,0.029411767,0,-3.2387564,5.301361,7.047333,-0.26908615,-0.2501493,-0.20555615
1400463894230,151985,2,231.48792,1229.4637,1.0,0.029411767,0,-3.2154129,5.2379146,7.0461354,-0.26053402,-0.2843578,-0.20005837
1400463894360,151985,2,219.10925,1203.2185,1.0,0.029411767,0,-3.1872811,5.1744685,7.043741,-0.25411993,-0.31215215,-0.1908954
1400463894487,151985,2,206.29205,1181.2921,1.0,0.029411767,0,-3.1334114,5.101445,7.018004,-0.25289822,-0.3231477,-0.18509217
1400463894616,151985,2,193.91475,1168.9148,1.0,0.029411767,0,-3.1304188,5.043386,7.04015,-0.2602286,-0.31795537,-0.1740966
1400463894746,151985,2,158.12044,1162.5302,1.0,0.027450982,0,-3.1316159,5.080496,7.041347,-0.26419923,-0.2910773,-0.16279559
1400463894854,151985,2,156.0,1162.0,1.0,0.027450982,0,-3.1812954,5.0822916,7.1047935,-0.258396,-0.2678644,-0.14110987
1400463894855,151985,1,156.0,1162.0,1.0,0.027450982,0,-3.193865,5.0344076,7.2107368,-0.2321288,-0.22632557,-0.12034045
1400463895576,151985,0,344.0,1582.0,1.0,0.025490198,0,-3.1202433,5.029021,7.290344,-0.18692477,-0.21594086,-0.099265605
1400463895579,151985,2,344.0,1581.9135,1.0,0.025490198,0,-3.0454245,4.979341,7.29214,-0.13347405,-0.23335053,-0.08552113
1400463895704,151985,2,343.12933,1538.6466,1.0,0.025490198,0,-2.9574378,4.860828,7.259818,-0.087659165,-0.27000242,-0.084910266
1400463895830,151985,2,333.75674,1498.2703,1.0,0.027450982,0,-2.882619,4.8045645,7.061698,-0.055283304,-0.30085114,-0.09743301
1400463895957,151985,2,326.3786,1479.3785,1.0,0.027450982,0,-2.7509377,5.0062757,6.8611836,-0.060170226,-0.33200526,-0.1142318
1400463896086,151985,2,324.55222,1468.5522,1.0,0.027450982,0,-2.7156234,5.043386,6.8132997,-0.08093964,-0.32986724,-0.118507855
1400463896221,151985,2,322.0,1454.6228,1.0,0.027450982,0,-2.7593174,4.911106,6.825869,-0.13469578,-0.31490102,-0.11575896
1400463896346,151985,2,317.79935,1446.7993,1.0,0.027450982,0,-2.8060043,4.8668137,6.854001,-0.17715092,-0.28924468,-0.10842858
1400463896472,151985,2,318.0,1443.6287,1.0,0.027450982,0,-2.885013,4.8979383,6.983288,-0.20525073,-0.28802297,-0.099571034
1400463896600,151985,2,317.0,1439.601,1.0,0.027450982,0,-2.9203274,4.9218802,7.1466923,-0.22021692,-0.3005457,-0.08368854
1400463896738,151985,2,311.0,1429.6771,1.0,0.027450982,0,-2.8754363,4.9081135,7.2969284,-0.2125811,-0.30665436,-0.06261369
1400463896863,151985,2,307.0,1421.8474,1.0,0.027450982,0,-2.794632,4.8500543,7.4088573,-0.18448131,-0.301462,-0.047647487
1400463896990,151985,2,305.0,1417.4696,1.0,0.027450982,0,-2.722806,4.795586,7.431602,-0.14294247,-0.27152961,-0.03604105
1400463897121,151985,2,301.0,1416.9152,1.0,0.027450982,0,-2.7024553,4.771045,7.414244,-0.099265605,-0.2312125,-0.028405234
1400463897124,151985,2,301.0,1417.0,1.0,0.029411767,0,-2.734777,4.739322,7.309498,-0.08460484,-0.19639318,-0.027794369
1400463897125,151985,1,301.0,1417.0,1.0,0.029411767,0,-2.7371712,4.811148,7.255628,-0.0711658,-0.18142697,-0.02443461
1400463909960,151985,0,387.0,1570.0,1.0,0.023529414,0,-2.741361,4.8656163,7.20116,-0.06383542,-0.16310102,-0.013744468
1400463909981,151985,2,387.0,1570.0,1.0,0.021568628,0,-2.6964695,4.875193,7.1275387,-0.06658431,-0.17012598,-0.006414085
1400463909997,151985,2,387.0,1570.0,1.0,0.021568628,0,-2.6461914,4.8416743,7.1185603,-0.076358154,-0.1740966,-0.0015271631
1400463910013,151985,2,387.0,1570.0,1.0,0.021568628,0,-2.60968,4.8027687,7.177218,-0.095294975,-0.17898351,0.006414085
1400463910031,151985,2,387.0,1566.342,1.0,0.023529414,0,-2.5779567,4.757279,7.2699933,-0.115453534,-0.18661933,0.012217305
1400463910046,151985,2,386.2265,1561.6794,1.0,0.023529414,0,-2.544438,4.7417164,7.3472066,-0.12370021,-0.17684549,0.013439035
1400463910063,151985,2,386.0,1556.7871,1.0,0.023529414,0,-2.528277,4.68665,7.4244194,-0.12492194,-0.1731803,0.014049901
1400463910079,151985,2,386.0,1551.0,1.0,0.023529414,0,-2.5115175,4.671686,7.519589,-0.11453723,-0.17592919,0.013744468
1400463910099,151985,2,385.0,1543.5658,1.0,0.023529414,0,-2.516306,4.6519337,7.6045833,-0.082161374,-0.1826487,0.010995574
1400463910263,151985,2,377.04984,1499.0996,1.0,0.025490198,0,-2.5731683,4.656722,7.6249337,-0.042760566,-0.19272798,0.013439035
1400463910398,151985,2,371.67825,1471.3566,1.0,0.027450982,0,-2.6258407,4.7058034,7.575254,-0.005192355,-0.21471913,0.02321288
1400463910559,151985,2,370.0,1450.5326,1.0,0.027450982,0,-2.6641479,4.751293,7.5255747,0.032375857,-0.22479841,0.034513887
1400463910694,151985,2,367.0,1438.1597,1.0,0.027450982,0,-2.6641479,4.7985787,7.4830775,0.06169739,-0.23335053,0.046120327
1400463910827,151985,2,362.78885,1427.0,1.0,0.027450982,0,-2.6018987,4.8045645,7.4232225,0.071776666,-0.2501493,0.062002823
1400463910967,151985,2,356.86423,1414.8643,1.0,0.027450982,0,-2.4642322,4.8123455,7.241263,0.062308256,-0.23945917,0.076052725
1400463911093,151985,2,354.52264,1405.5227,1.0,0.027450982,0,-2.3295584,4.811148,7.00304,0.050396383,-0.20738874,0.08155051
1400463911237,151985,2,354.0,1394.1234,1.0,0.027450982,0,-2.2284033,4.7614684,6.7965403,0.0076358155,-0.1863139,0.08155051
1400463911366,151985,2,351.75903,1384.759,1.0,0.027450982,0,-2.100912,4.734534,6.827066,-0.04886922,-0.12889257,0.07422013
1400463911495,151985,2,349.46783,1378.4679,1.0,0.027450982,0,-2.0398598,4.6776714,7.2113357,-0.08857546,-0.076052725,0.06291912
1400463911627,151985,2,347.0,1372.5626,1.0,0.027450982,0,-2.1045034,4.619612,7.369353,-0.09437868,-0.062308256,0.044898596
1400463911772,151985,2,343.32248,1365.3225,1.0,0.027450982,0,-2.0775685,4.617218,7.441179,-0.08124508,-0.08460484,0.03573562
1400463911902,151985,2,341.2652,1355.2651,1.0,0.027450982,0,-2.100912,4.6004586,7.441777,-0.055588737,-0.11301007,0.028405234
1400463912029,151985,2,336.0,1343.8921,1.0,0.029411767,0,-2.1188686,4.590882,7.422025,-0.03359759,-0.13836098,0.02076942
1400463912166,151985,2,332.0,1331.519,1.0,0.029411767,0,-2.144606,4.5938745,7.425018,-0.027488936,-0.15088372,0.019547688
1400463912304,151985,2,329.0,1319.1488,1.0,0.029411767,0,-2.15538,4.5980644,7.492056,-0.021685716,-0.15454891,0.017715093
1400463912439,151985,2,325.0,1306.7784,1.0,0.03137255,0,-2.1811178,4.6321816,7.526173,-0.015577064,-0.1518,0.018325957
1400463912564,151985,2,320.40536,1303.0,1.0,0.027450982,0,-2.1859062,4.648941,7.492056,-0.008552114,-0.13255776,0.030543262
1400463912669,151985,2,316.0,1303.0,1.0,0.03137255,0,-2.154183,4.677073,7.365163,-0.0033597588,-0.10170906,0.04428773
1400463912670,151985,1,316.0,1303.0,1.0,0.03137255,0,-2.1134815,4.661511,7.281366,-0.007941248,-0.06536258,0.05222898
1400463916588,151985,0,264.0,1518.0,1.0,0.025490198,0,-2.1284454,4.6710877,7.2951326,-0.024740042,-0.039095376,0.047036625
1400463916614,151985,2,264.0,1518.0,1.0,0.025490198,0,-2.1266496,4.6800656,7.3406224,-0.04184427,-0.040927973,0.038179077
1400463916631,151985,2,267.9324,1511.7793,1.0,0.025490198,0,-2.1984756,4.6686935,7.41604,-0.04734206,-0.05009095,0.035430185
1400463916648,151985,2,273.31485,1503.9592,1.0,0.025490198,0,-2.2469583,4.7004166,7.4693108,-0.047036625,-0.0571159,0.03573562
1400463916667,151985,2,281.43802,1482.8574,1.0,0.027450982,0,-2.2750902,4.718373,7.4974427,-0.024740042,-0.058643065,0.03359759
1400463916831,151985,2,264.84808,1350.9789,1.0,0.029411767,0,-2.3211784,4.703409,7.5201874,-0.0015271631,-0.06719518,0.030543262
1400463916961,151985,2,237.77751,1295.7034,1.0,0.027450982,0,-2.3116016,4.7339354,7.4932528,0.013133603,-0.07880162,0.032070424
1400463917078,151985,2,200.0,1272.0,1.0,0.029411767,0,-2.3133974,4.753089,7.4507556,0.020158553,-0.070249505,0.035124753
1400463917080,151985,1,200.0,1272.0,1.0,0.029411767,0,-2.3020248,4.7578773,7.405266,0.015577064,-0.05497787,0.039095376
